crop_type,soil_ph,rainfall,temperature,fertilizer,yield
Barley,7.81,590.8,19.9,168.4,4.01
Soybean,6.6,1096.0,30.8,225.7,5.26
Maize,6.69,1306.9,20.1,121.4,6.78
Soybean,5.47,960.8,25.1,110.0,3.81
Soybean,5.28,483.8,33.0,92.8,2.64
Rice,7.55,1173.7,33.0,57.6,5.14
Maize,6.74,1020.3,25.4,58.6,6.55
Maize,6.53,1177.5,33.2,224.0,7.52
Maize,7.55,1223.7,34.3,185.7,7.03
Soybean,7.68,1470.5,30.1,182.1,4.72
Barley,5.56,988.3,20.3,172.9,4.2
Maize,7.14,710.0,21.3,219.8,6.97
Cotton,5.47,1078.2,22.2,146.1,3.61
Soybean,7.63,382.1,17.7,224.1,3.83
Rice,7.3,1376.9,21.3,121.9,6.05
Barley,8.35,443.3,19.8,235.3,4.14
Cotton,5.24,693.4,25.5,189.7,3.98
Cotton,5.2,1278.9,35.9,101.4,3.06
Rice,5.99,1016.8,17.4,162.8,5.84
Barley,5.92,772.4,31.6,156.6,4.66
Soybean,5.86,868.1,30.8,77.6,3.5
Wheat,8.17,1325.5,17.2,168.2,5.58
Barley,5.87,708.0,36.2,113.0,3.81
Rice,5.95,1343.6,28.1,60.5,5.77
Cotton,7.66,405.8,23.4,239.7,3.58
Soybean,6.57,1232.2,32.4,178.3,4.98
Barley,7.72,1317.1,20.9,225.4,5.44
Wheat,5.23,518.2,31.0,185.2,4.68
Wheat,6.71,816.4,15.9,121.4,4.53
Maize,5.12,498.6,34.3,152.5,5.49
Maize,5.22,1147.9,25.3,185.1,7.17
Rice,8.17,942.4,29.6,242.1,5.95
Barley,5.49,1062.4,20.1,100.7,4.43
Barley,6.86,535.8,30.6,225.0,4.71
Cotton,6.44,554.1,32.8,234.8,4.03
Cotton,6.22,349.8,25.9,184.1,3.53
Cotton,8.15,686.5,29.2,236.3,3.76
Maize,5.08,971.7,25.5,129.6,6.42
Barley,7.32,1329.5,35.6,240.6,5.54
Barley,8.37,1100.3,26.5,190.6,4.55
Wheat,6.96,822.5,34.4,58.4,4.03
Maize,8.28,1443.7,33.4,231.4,7.41
Soybean,5.18,1163.1,24.4,146.9,4.37
Maize,6.47,1416.2,20.3,142.1,6.75
Soybean,5.91,933.1,24.3,163.3,4.5
Wheat,7.56,610.7,34.0,79.9,3.72
Rice,8.43,363.4,20.2,143.8,4.53
Barley,5.9,1171.3,27.1,216.2,5.56
Wheat,7.29,445.6,33.5,53.1,3.99
Barley,5.69,663.3,23.1,104.6,3.83
Cotton,6.98,939.0,29.8,50.5,2.68
Rice,6.62,977.3,20.6,133.1,6.02
Rice,8.4,1020.7,17.5,195.7,5.6
Wheat,7.13,499.5,33.3,209.8,5.3
Rice,6.22,755.7,17.3,239.0,6.25
Soybean,5.4,1040.6,21.2,171.7,4.48
Rice,5.53,1463.8,34.7,100.9,5.65
Barley,5.79,1173.2,23.0,234.8,5.72
Barley,5.88,1407.1,37.4,205.1,5.55
Barley,7.98,1214.7,37.5,164.9,4.33
Barley,6.96,1010.1,21.2,189.1,5.3
Soybean,6.83,530.4,15.9,234.9,4.15
Maize,5.4,1100.0,31.2,192.5,6.99
Cotton,8.01,1048.1,25.4,123.7,3.11
Wheat,7.53,1023.0,17.3,192.6,5.12
Barley,5.24,887.7,31.3,58.1,3.37
Rice,7.48,934.4,15.7,127.3,5.49
Barley,6.9,701.3,35.0,131.3,4.49
Rice,5.29,923.2,18.2,83.4,4.84
Cotton,6.6,537.1,17.9,54.6,2.37
Cotton,6.7,1266.2,19.0,76.7,3.19
Cotton,5.58,522.9,37.1,180.9,3.1
Rice,8.31,402.0,30.9,210.5,5.19
Barley,7.97,823.5,33.4,247.6,4.73
Cotton,7.34,1090.0,24.1,119.3,3.94
Soybean,6.62,825.3,22.7,169.9,4.41
Rice,6.44,632.1,20.4,237.4,6.54
Rice,7.28,969.8,26.1,83.4,5.53
Barley,6.91,716.4,27.7,193.5,4.75
Rice,5.22,1419.4,29.5,201.0,6.17
Rice,6.79,1407.2,20.9,67.8,5.88
Cotton,7.82,902.8,36.8,222.2,3.95
Barley,6.61,693.5,18.9,212.6,5.06
Cotton,5.18,1184.6,37.2,56.7,2.68
Cotton,7.75,344.1,15.3,68.2,1.68
Barley,5.7,869.7,26.1,59.8,4.23
Wheat,5.91,703.6,22.7,116.9,4.94
Cotton,5.58,1404.6,25.3,151.9,4.08
Soybean,6.16,314.4,28.1,156.5,3.93
Soybean,7.65,963.4,25.0,103.5,3.43
Rice,6.82,1188.8,24.5,232.3,7.19
Soybean,5.72,882.0,31.9,123.7,3.65
Rice,8.07,402.5,30.8,59.1,3.96
Wheat,8.08,1467.0,34.2,110.0,4.89
Barley,8.05,921.6,20.7,156.2,3.94
Barley,5.84,1037.0,29.0,131.6,4.74
Barley,6.58,583.9,28.5,104.8,4.04
Soybean,8.45,880.2,23.5,76.3,2.82
Wheat,7.7,815.0,26.2,213.8,5.55
Soybean,5.1,389.9,22.2,249.2,4.1
Soybean,5.23,427.4,18.3,115.9,3.25
Wheat,6.62,1305.0,19.9,126.3,5.2
Wheat,8.18,587.8,17.4,173.6,4.65
Wheat,6.89,533.9,30.7,193.7,4.97
Wheat,6.74,905.9,30.2,128.4,5.31
Barley,5.37,1222.5,36.9,231.0,5.3
Maize,7.3,374.3,31.8,162.0,6.13
Maize,7.88,992.2,16.2,140.1,5.91
Wheat,6.33,443.1,35.3,179.3,4.54
Maize,7.71,343.8,34.8,240.6,5.95
Maize,8.38,363.3,25.2,208.9,6.61
Wheat,5.71,1301.0,28.5,58.0,4.77
Maize,6.83,441.6,37.4,116.5,5.45
Soybean,6.0,354.2,27.2,144.1,3.52
Rice,7.77,825.5,35.8,112.9,4.96
Rice,7.02,1312.8,16.9,190.0,6.29
Wheat,7.22,614.9,19.4,215.3,4.83
Barley,7.79,806.1,25.1,196.3,4.99
Wheat,6.39,347.9,28.4,247.9,5.73
Barley,8.2,838.9,33.8,104.5,3.97
Rice,6.87,993.1,37.7,225.0,6.49
Wheat,5.55,985.1,23.9,203.3,5.01
Cotton,7.44,698.9,16.1,122.4,3.09
Soybean,7.78,678.6,33.4,196.8,4.11
Maize,6.11,427.9,28.9,70.8,5.55
Barley,8.0,740.2,19.6,207.9,4.39
Cotton,8.17,419.4,26.4,156.5,3.07
Maize,5.97,1219.9,32.1,108.5,6.37
Maize,8.44,1459.5,32.7,181.2,6.75
Wheat,5.49,1464.1,26.5,178.3,6.16
Maize,5.71,1338.1,22.0,91.9,6.66
Soybean,5.64,1021.0,37.4,56.1,2.92
Cotton,8.13,1141.0,30.3,136.7,3.57
Maize,7.29,642.2,24.4,163.9,6.62
Wheat,5.53,1056.9,21.5,225.3,5.8
Soybean,6.54,846.8,31.8,235.6,4.82
Rice,7.15,878.4,20.6,155.8,5.79
Cotton,5.29,1209.3,18.9,200.8,3.82
Maize,8.09,638.3,27.2,137.9,5.66
Wheat,7.81,681.6,21.7,199.2,4.98
Rice,6.77,1409.6,29.5,91.0,6.03
Rice,8.38,367.5,17.7,124.2,4.42
Barley,6.46,882.8,30.1,176.8,5.32
Soybean,8.44,1395.4,21.5,53.6,3.19
Maize,7.34,1032.4,15.0,194.5,6.63
Wheat,7.22,955.7,17.9,217.1,5.65
Barley,5.58,599.7,36.5,129.8,3.6
Soybean,8.09,711.9,34.9,139.6,3.28
Barley,6.5,1322.5,20.4,220.3,5.72
Cotton,5.57,971.1,32.9,205.1,3.85
Soybean,5.04,917.7,29.0,107.6,3.7
Soybean,6.96,419.5,37.3,114.8,3.01
Maize,6.85,319.2,23.6,185.8,6.7
Soybean,7.52,1456.4,30.7,162.6,4.23
Barley,8.12,752.4,16.5,82.4,3.0
Soybean,5.28,1023.9,24.1,112.0,3.37
Maize,7.56,395.7,37.2,230.0,6.02
Maize,5.66,1119.7,27.4,187.6,7.58
Cotton,8.0,1419.1,21.6,247.2,4.57
Barley,7.87,990.8,17.8,203.4,4.52
Rice,6.89,451.3,31.2,238.4,6.3
Rice,7.49,998.1,29.8,93.2,5.54
Soybean,6.1,1219.6,23.6,204.3,4.83
Cotton,6.65,787.7,36.9,54.0,3.12
Wheat,7.88,1355.8,15.5,184.2,5.31
Soybean,6.61,1078.4,22.0,143.9,4.57
Cotton,6.25,1379.1,36.2,119.4,3.83
Barley,6.73,1048.2,22.4,222.5,5.65
Barley,7.9,457.5,20.8,220.9,4.28
Barley,6.17,671.6,27.3,54.5,4.33
Barley,5.61,542.2,33.9,171.9,4.11
Barley,7.49,1390.6,17.4,123.6,4.74
Cotton,7.89,1212.5,36.7,133.1,3.09
Cotton,5.35,1111.7,33.3,216.4,3.89
Maize,5.84,661.2,19.2,112.0,6.33
Rice,5.5,520.9,31.4,238.6,5.94
Barley,6.22,1207.7,23.9,85.9,4.67
Wheat,6.58,869.0,24.3,182.5,5.77
Cotton,7.62,570.9,33.0,184.4,3.77
Wheat,7.28,1039.9,37.1,100.4,4.91
Wheat,7.17,348.4,17.9,115.0,4.35
Wheat,6.23,691.4,24.7,217.0,6.32
Maize,7.95,862.3,26.1,202.4,6.71
Cotton,6.65,477.6,23.7,115.8,3.36
Wheat,8.43,1481.6,23.4,156.8,5.35
Barley,7.22,550.9,16.2,62.3,2.92
Soybean,5.44,456.4,30.8,91.7,3.12
Wheat,7.37,544.2,25.0,147.2,4.73
Maize,6.14,1222.9,19.5,67.2,6.6
Cotton,7.4,810.6,33.8,218.7,3.73
Maize,5.24,978.5,33.5,193.6,6.56
Wheat,5.61,325.2,26.2,238.7,5.68
Cotton,8.0,341.3,21.9,188.7,3.03
Soybean,5.8,835.0,29.7,238.1,5.01
Wheat,7.93,1280.0,21.6,160.9,5.36
Maize,5.98,1362.3,20.4,170.0,7.32
Rice,7.25,404.0,31.8,245.4,5.93
Barley,7.43,946.0,15.9,178.4,4.6
Maize,6.79,1395.9,17.2,56.2,6.26
Cotton,6.07,765.6,15.2,194.8,3.45
Wheat,5.74,1295.5,18.5,231.1,5.95
Barley,5.12,460.4,16.6,209.1,4.37
Wheat,6.06,1422.5,37.9,166.8,5.59
Cotton,7.29,1201.7,21.6,184.3,4.3
Wheat,8.28,1429.6,18.4,248.0,5.82
Rice,8.05,1111.9,20.5,68.1,4.58
Barley,7.68,736.1,36.5,183.4,3.96
Barley,7.76,1425.8,27.0,106.7,4.67
Cotton,7.33,630.7,23.4,178.0,3.37
Rice,5.91,698.6,35.1,171.5,5.48
Maize,8.18,1141.0,24.1,80.7,5.91
Wheat,7.35,1218.4,22.7,91.3,4.84
Soybean,6.96,1415.3,19.8,174.3,5.1
Wheat,5.39,545.8,23.7,75.6,4.08
Wheat,6.56,1257.6,22.3,103.0,5.56
Maize,6.61,1186.3,30.6,217.0,7.68
Wheat,8.03,376.6,21.7,115.4,4.26
Rice,6.91,764.7,28.3,147.6,6.07
Rice,6.33,639.3,16.5,238.2,6.09
Barley,8.42,665.4,19.4,95.4,3.72
Cotton,5.39,1479.5,24.4,127.9,3.89
Soybean,6.48,1071.3,36.5,171.3,4.45
Wheat,5.15,1161.2,23.7,201.1,5.69
Wheat,7.59,1471.9,30.3,230.3,6.26
Maize,8.21,752.6,20.9,233.1,6.83
Cotton,5.98,1262.2,17.9,205.3,4.14
Rice,8.0,821.4,16.3,95.7,4.84
Soybean,6.02,1343.4,22.0,55.0,4.01
Barley,8.19,516.8,18.6,126.8,3.49
Rice,7.64,1437.2,19.0,78.3,5.42
Cotton,7.82,562.5,32.5,192.1,3.09
Barley,5.06,691.5,15.4,182.2,4.14
Maize,8.37,1207.4,27.8,58.8,5.71
Maize,7.54,772.5,23.7,217.3,7.03
Wheat,6.07,1029.9,26.7,99.7,5.1
Cotton,7.9,833.5,27.9,136.4,3.0
Soybean,5.99,1190.8,22.2,183.6,4.58
Barley,8.05,574.0,21.8,135.9,3.91
Rice,5.39,370.1,31.9,138.3,4.84
Cotton,7.46,659.9,35.0,63.1,2.22
Cotton,6.89,869.2,19.4,130.3,3.27
Maize,5.34,501.6,17.2,203.0,6.08
Wheat,5.85,725.8,35.6,233.0,5.67
Wheat,5.04,780.0,23.0,132.7,4.39
Barley,6.64,368.9,27.7,134.7,4.6
Maize,6.05,1000.0,23.3,190.5,7.14
Cotton,7.09,1361.2,17.9,238.6,4.5
Soybean,6.04,482.1,28.6,103.4,3.57
Maize,6.05,1017.4,27.1,138.0,6.9
Barley,7.6,1097.7,19.7,209.2,4.97
Barley,5.17,803.2,25.4,171.9,4.66
Maize,8.16,1141.3,33.3,72.1,5.7
Barley,7.98,792.9,28.6,175.5,4.43
Maize,7.34,905.6,17.2,87.3,6.02
Rice,7.08,308.8,27.6,152.0,5.13
Maize,8.12,1130.1,31.2,155.8,6.29
Maize,5.65,1093.6,33.2,225.2,7.04
Barley,5.28,346.1,29.5,142.5,3.61
Barley,5.84,741.9,18.5,105.9,3.97
Wheat,7.78,1474.8,31.3,96.2,5.07
Wheat,5.12,804.9,30.6,224.9,4.93
Rice,7.04,902.3,15.6,84.2,4.94
Wheat,8.48,1391.9,24.5,135.2,5.04
Maize,7.99,1160.7,22.7,87.4,6.04
Barley,6.83,998.5,30.4,204.7,5.03
Wheat,5.22,1257.4,20.0,144.9,5.04
Wheat,7.91,1337.2,28.6,120.2,4.92
Rice,7.1,848.3,36.0,122.2,5.22
Cotton,5.4,870.1,33.3,220.4,3.48
Rice,5.33,763.3,36.2,160.8,5.21
Maize,8.18,1460.0,37.5,193.6,6.62
Barley,7.34,1136.6,15.2,229.4,5.04
Rice,7.9,399.9,29.3,230.3,5.78
Wheat,8.08,1335.6,24.5,115.7,5.05
Barley,7.0,876.7,34.8,240.5,5.32
Barley,6.81,382.5,20.8,55.0,3.37
Wheat,6.51,959.7,37.6,125.4,5.01
Rice,6.11,800.6,29.1,229.2,6.75
Wheat,6.52,1353.3,33.3,104.9,5.38
Cotton,7.71,544.8,17.0,104.6,2.44
Barley,7.11,1291.8,19.2,110.5,4.68
Soybean,8.12,969.2,32.4,172.5,3.94
Soybean,6.55,365.5,15.5,137.7,3.62
Maize,7.12,1466.2,33.8,195.3,7.55
Wheat,7.21,915.1,15.3,229.0,5.59
Wheat,7.07,649.1,30.1,184.8,5.2
Maize,7.46,863.3,23.4,90.9,6.14
Maize,5.83,1329.4,29.1,236.5,7.87
Maize,6.79,665.9,31.0,102.9,5.88
Barley,5.36,531.2,22.9,80.0,3.77
Cotton,6.35,454.9,17.5,68.0,2.18
Wheat,6.71,657.4,16.6,162.7,5.05
Barley,7.28,1236.1,28.5,72.8,4.43
Maize,8.33,866.0,27.0,77.8,5.65
Wheat,7.1,573.0,32.1,110.0,4.49
Barley,7.6,499.4,26.7,106.3,3.96
Cotton,6.77,699.3,24.7,170.8,3.63
Barley,7.22,1427.9,24.2,213.3,6.04
Cotton,5.25,711.6,15.6,202.3,3.32
Maize,5.89,1485.7,22.7,102.5,7.36
Cotton,6.27,882.3,37.4,99.1,3.17
Wheat,6.65,515.0,35.1,243.2,5.45
Maize,5.16,1369.4,22.6,51.6,5.94
Wheat,5.49,852.4,28.5,225.9,5.61
Soybean,5.97,1151.6,34.5,89.9,3.76
Rice,8.4,1480.5,25.1,239.5,7.09
Cotton,6.16,360.2,15.4,118.5,2.89
Rice,6.69,416.0,16.7,138.1,5.27
Rice,5.69,1164.5,26.7,191.4,6.89
Cotton,7.14,638.2,37.3,167.5,2.76
Maize,5.98,521.2,30.9,113.6,6.07
Soybean,5.72,347.2,16.6,160.8,3.61
Wheat,6.81,326.2,19.4,196.1,5.05
Barley,5.02,1229.4,32.7,58.5,3.5
Wheat,5.03,461.3,34.4,52.2,3.65
Barley,5.77,861.3,29.2,141.6,4.69
Wheat,5.13,1027.1,29.8,76.4,4.47
Cotton,5.38,814.0,15.7,182.9,3.33
Soybean,6.19,332.5,34.1,92.8,3.45
Barley,7.81,1240.2,33.1,136.6,4.54
Maize,7.0,312.6,21.0,89.5,5.53
Wheat,6.79,1214.3,31.3,159.7,5.45
Wheat,6.03,1372.0,19.9,73.2,5.12
Barley,8.26,819.4,15.9,54.6,3.25
Maize,6.39,942.7,19.6,60.2,6.07
Maize,5.3,872.4,19.1,240.9,6.86
Cotton,7.16,767.1,22.8,78.5,3.24
Cotton,5.4,1364.9,24.6,191.7,4.21
Cotton,6.21,1372.7,26.7,63.6,4.12
Cotton,6.78,703.0,26.0,71.6,3.02
Cotton,8.06,1038.1,21.2,151.8,3.13
Cotton,6.73,1412.3,15.7,143.0,3.72
Soybean,7.46,1454.5,28.9,240.3,5.13
Maize,8.47,910.8,24.1,239.0,6.89
Cotton,5.46,843.4,21.9,205.9,3.77
Maize,5.96,634.4,34.9,170.4,6.54
Maize,6.38,1450.6,32.2,141.0,7.4
Rice,6.48,471.4,34.7,121.2,5.15
Soybean,6.44,995.8,26.4,239.4,5.99
Cotton,8.18,639.1,18.0,170.6,2.89
Wheat,7.5,634.8,31.0,165.8,4.79
Barley,7.13,786.0,19.7,96.4,3.74
Wheat,6.08,1498.6,25.1,59.3,5.25
Soybean,7.88,366.0,16.5,239.0,3.81
Barley,8.34,994.3,34.0,112.7,3.52
Soybean,7.87,399.1,17.9,138.5,2.95
Maize,5.01,485.4,35.8,72.9,5.05
Barley,7.23,827.5,34.9,217.4,4.73
Maize,5.18,912.6,25.7,55.5,5.67
Wheat,5.9,610.6,32.1,216.8,5.46
Wheat,5.21,679.7,29.2,78.1,3.87
Barley,7.11,404.4,33.5,227.3,4.39
Barley,7.4,663.9,24.9,196.0,4.85
Cotton,5.4,1459.9,33.1,82.9,3.5
Soybean,6.34,1433.6,25.6,163.2,5.22
Cotton,6.6,701.9,36.6,112.5,2.99
Soybean,6.29,985.0,26.2,85.6,4.02
Cotton,5.42,1391.5,25.6,221.8,4.92
Maize,6.47,307.4,33.1,130.7,6.16
Barley,7.63,1272.8,33.9,129.7,4.47
Wheat,5.25,1438.0,27.8,84.0,4.97
Soybean,5.28,409.6,19.1,126.6,3.1
Soybean,6.24,493.7,25.8,224.3,4.53
Wheat,8.3,1452.9,37.3,122.6,4.62
Cotton,7.34,945.0,32.3,240.3,4.12
Soybean,7.38,317.0,33.7,239.3,3.98
Maize,6.27,609.2,15.8,79.0,5.54
Barley,7.08,839.9,25.8,85.5,4.39
Wheat,5.04,1131.5,29.9,222.5,5.8
Barley,7.23,1179.8,34.1,128.6,4.44
Soybean,8.2,1494.5,16.1,50.9,3.07
Soybean,7.14,645.0,34.6,104.8,3.44
Wheat,8.06,945.9,27.6,169.5,5.14
Maize,7.53,940.0,19.5,209.9,6.81
Rice,5.42,786.8,22.3,76.7,5.26
Wheat,8.16,503.0,21.5,72.1,3.58
Rice,5.23,1472.9,27.2,234.4,6.58
Cotton,6.87,1324.0,16.2,200.2,4.15
Rice,5.5,898.0,18.6,168.0,6.0
Maize,5.04,1023.9,33.7,203.8,6.62
Cotton,6.48,572.7,18.0,135.8,3.15
Rice,6.03,952.5,20.4,201.7,6.3
Cotton,6.7,1134.0,25.4,124.4,4.22
Rice,7.02,918.2,26.9,98.8,5.64
Maize,5.15,1488.3,32.6,195.8,7.31
Rice,5.43,1033.6,25.3,133.9,5.8
Rice,6.96,745.2,33.2,246.3,6.49
Rice,6.2,1226.6,29.2,119.9,6.14
Wheat,7.55,504.6,17.6,234.3,4.96
Wheat,7.28,761.4,18.6,236.6,5.52
Wheat,7.96,716.4,25.1,98.4,4.26
Maize,7.42,818.2,24.1,209.6,6.76
Cotton,6.5,1238.1,32.1,136.6,4.02
Soybean,7.36,881.0,28.4,233.5,4.53
Rice,5.96,1252.8,23.9,140.0,6.37
Rice,6.07,991.8,18.9,198.9,6.25
Maize,7.76,710.5,20.2,143.4,6.35
Rice,6.56,1272.0,28.2,95.6,6.03
Wheat,7.79,585.9,24.7,89.9,4.22
Soybean,7.88,569.3,26.8,135.1,3.26
Barley,8.0,905.4,18.9,201.1,4.34
Rice,8.21,613.0,30.2,171.0,4.95
Wheat,6.51,310.9,34.6,187.7,5.09
Barley,6.12,1078.0,20.9,106.5,4.43
Soybean,7.04,913.3,26.3,146.3,4.62
Barley,6.3,834.6,37.4,58.9,3.12
Wheat,7.1,1460.4,22.7,213.5,6.57
Cotton,7.47,985.4,28.7,248.0,4.43
Cotton,7.41,1336.1,17.1,131.4,3.65
Barley,6.31,467.3,28.9,52.2,3.45
Maize,5.58,983.0,17.1,84.0,5.95
Barley,6.51,1341.6,37.1,180.5,5.15
Rice,5.5,999.7,31.5,172.4,5.67
Rice,8.12,1161.6,33.1,207.6,5.78
Cotton,6.21,746.5,31.2,100.8,2.93
Maize,5.54,410.9,28.6,202.7,6.6
Wheat,5.09,849.5,25.3,187.6,5.13
Rice,7.26,773.4,34.7,114.6,4.82
Cotton,7.23,1340.5,37.0,159.1,3.85
Soybean,6.19,592.8,26.5,79.5,3.15
Cotton,5.25,1460.1,36.4,140.5,3.83
Rice,6.43,1449.8,28.4,226.2,7.71
Rice,6.09,597.2,27.4,134.2,5.38
Cotton,7.37,717.7,25.5,217.9,4.3
Wheat,7.12,1374.7,19.8,168.1,5.73
Barley,6.28,1459.9,15.1,88.4,4.43
Rice,5.76,832.1,20.6,166.2,5.7
Cotton,8.46,685.2,26.7,151.2,3.21
Cotton,6.59,931.3,23.7,129.7,3.81
Maize,7.41,1125.3,25.3,73.9,5.8
Barley,5.49,628.2,37.6,133.3,4.13
Soybean,6.7,1183.8,23.1,64.6,4.06
Wheat,5.1,362.0,25.4,69.8,3.82
Soybean,6.77,359.2,18.1,133.2,3.28
Barley,8.37,763.5,16.1,111.1,3.37
Barley,6.34,724.2,32.8,235.1,5.46
Barley,5.14,678.8,28.1,125.1,4.08
Soybean,5.11,889.2,32.5,201.6,4.2
Barley,6.36,684.9,18.4,156.0,4.25
Cotton,5.56,530.7,28.2,190.8,3.5
Soybean,5.08,671.4,20.8,102.0,3.17
Barley,7.65,1469.9,20.2,238.4,5.77
Cotton,6.6,793.3,15.3,156.0,3.38
Maize,6.01,833.7,18.0,216.3,7.15
Barley,8.15,991.9,22.1,123.0,3.89
Soybean,5.41,1480.0,17.7,70.0,3.7
Rice,8.35,589.9,37.7,184.7,4.93
Barley,6.1,1117.5,22.1,51.6,3.87
Rice,8.11,1159.2,18.0,145.1,5.47
Cotton,7.11,1028.8,19.6,88.6,3.06
Maize,7.89,406.3,28.5,175.5,6.41
Wheat,8.44,1112.2,16.5,245.9,5.24
Maize,6.01,376.9,34.8,142.9,5.95
Barley,8.36,1015.4,37.1,213.5,4.18
Rice,6.36,1187.5,20.7,151.6,6.33
Rice,6.35,553.2,25.4,149.2,5.77
Soybean,6.19,1309.9,15.5,236.1,4.9
Rice,6.89,336.4,29.7,228.0,6.58
Soybean,5.54,1312.6,24.5,207.2,4.94
Cotton,6.94,852.4,21.2,109.3,3.27
Wheat,6.9,561.1,19.8,159.0,5.04
Barley,7.67,460.5,30.0,94.8,3.4
Soybean,7.92,1444.0,24.6,138.8,4.5
Wheat,6.54,387.2,19.1,146.8,4.8
Rice,6.06,538.9,30.8,216.3,6.1
Rice,5.91,717.4,28.0,229.2,6.87
Wheat,5.68,1044.3,34.7,132.9,4.68
Rice,5.2,953.8,17.7,53.5,4.96
Cotton,6.2,450.8,33.1,222.4,3.85
Cotton,5.95,647.7,30.5,84.9,3.06
Wheat,8.38,586.5,17.6,174.4,4.38
Soybean,6.95,556.3,31.0,55.0,3.44
Soybean,6.22,793.4,25.2,129.9,4.11
Wheat,7.03,1144.8,36.7,247.2,5.97
Soybean,5.49,560.9,18.3,70.1,3.09
Soybean,6.55,740.0,29.8,134.7,4.0
Cotton,7.19,769.1,23.8,111.4,3.47
Soybean,6.71,1471.7,37.0,231.0,5.18
Maize,6.41,1445.6,22.6,223.9,7.78
Barley,8.48,1260.2,37.1,97.5,3.4
Rice,8.08,590.0,35.7,66.2,4.18
Maize,7.18,381.6,21.2,175.4,6.47
Soybean,6.99,680.3,33.5,117.3,3.13
Cotton,7.17,620.2,37.9,184.4,3.27
Wheat,5.7,907.1,20.8,56.4,4.46
Soybean,6.38,1233.3,25.0,76.7,4.0
Cotton,5.14,1330.0,27.0,187.3,4.11
Barley,6.66,1313.8,21.8,92.5,4.89
Soybean,6.9,731.6,15.4,221.5,4.48
Wheat,5.8,1124.7,20.1,61.7,4.86
Cotton,8.37,675.4,21.5,93.1,2.33
Cotton,8.18,373.1,25.2,249.7,3.49
Cotton,7.53,1141.9,18.9,136.6,3.8
Barley,6.87,311.8,35.1,190.6,4.08
Soybean,8.04,791.0,31.2,86.5,3.21
Barley,5.46,695.3,17.0,172.0,4.64
Rice,7.77,1132.1,30.0,195.2,6.34
Rice,5.44,1219.5,30.0,112.9,5.85
Soybean,7.78,664.9,37.0,215.8,4.09
Barley,5.97,1274.0,15.1,170.7,4.98
Wheat,8.07,652.7,20.7,127.8,4.44
Cotton,8.3,835.6,36.3,161.5,2.82
Cotton,5.52,1172.4,36.4,165.4,3.81
Soybean,6.62,1131.5,31.6,83.1,4.05
Rice,8.43,1484.8,32.6,130.5,5.33
Rice,6.69,570.2,17.1,118.7,5.25
Cotton,8.02,1094.8,26.8,130.2,3.05
Soybean,7.06,1031.6,20.3,202.2,4.78
Barley,6.31,1398.1,19.2,146.5,5.11
Rice,6.0,487.6,33.6,238.1,6.39
Barley,5.71,1202.2,18.1,108.7,4.46
Rice,7.67,981.9,25.8,133.1,5.95
Rice,6.35,629.6,36.6,207.4,5.69
Maize,6.79,869.3,19.3,159.2,6.83
Rice,6.72,700.5,37.5,159.4,5.38
Wheat,7.02,995.2,37.9,60.7,4.4
Soybean,8.03,1366.8,27.8,129.7,3.98
Soybean,8.43,983.2,18.9,104.1,3.21
Barley,6.43,1058.1,22.3,249.9,5.61
Rice,7.9,922.5,24.8,111.7,5.42
Wheat,7.68,361.4,22.1,226.9,5.42
Barley,7.01,579.4,21.5,185.2,4.78
Maize,8.35,890.4,37.4,118.2,5.52
Barley,5.7,672.3,18.5,158.7,3.76
Barley,5.38,518.1,31.9,218.1,4.42
Rice,7.99,905.0,15.0,226.7,5.87
Maize,6.54,687.4,28.7,82.1,6.09
Barley,7.96,609.7,36.1,117.9,3.75
Wheat,8.13,856.8,21.6,117.0,4.44
Wheat,5.22,459.9,19.3,58.4,3.79
Soybean,8.09,1413.3,30.0,169.6,4.48
Maize,6.57,1341.2,31.4,221.0,7.76
Maize,6.79,1149.1,30.8,126.3,6.71
Soybean,7.19,427.5,22.3,198.0,3.85
Barley,8.24,1231.1,20.8,175.5,4.9
Maize,5.07,1269.5,37.0,125.1,6.06
Wheat,6.67,1221.3,36.2,78.2,4.87
Wheat,7.41,436.8,25.5,191.9,4.98
Rice,7.53,1072.7,34.5,220.9,5.99
Maize,7.42,1301.2,25.4,187.2,7.51
Barley,5.47,992.8,24.8,53.6,3.8
Soybean,6.05,1075.7,18.6,93.2,3.69
Soybean,6.26,850.0,24.8,63.9,3.45
Barley,7.82,934.4,27.4,164.1,4.55
Cotton,5.98,341.3,15.5,201.3,3.22
Rice,5.74,1066.8,25.2,72.1,5.44
Soybean,8.35,397.7,33.0,217.7,3.71
Maize,5.03,822.0,30.6,161.1,6.32
Rice,8.49,651.2,29.6,188.0,6.0
Maize,7.37,954.5,35.9,244.3,7.15
Wheat,7.9,460.1,15.4,66.7,3.06
Rice,6.03,1130.0,27.8,230.2,6.85
Soybean,5.05,1254.0,33.1,75.2,3.4
Rice,7.58,496.0,27.5,128.6,5.1
Rice,7.92,425.2,22.4,220.3,5.66
Rice,7.59,474.6,18.1,231.3,5.57
Cotton,5.5,1352.6,35.4,151.3,3.76
Rice,7.64,933.8,25.8,168.8,5.64
Maize,7.69,860.7,35.2,191.6,6.69
Wheat,7.3,428.1,28.5,216.6,4.9
Barley,7.68,1079.5,30.5,74.3,3.92
Rice,7.96,1341.6,33.5,212.0,6.13
Soybean,7.15,1293.8,30.2,146.3,4.56
Rice,5.31,1051.3,24.2,140.1,5.77
Soybean,6.71,390.3,26.8,134.8,3.9
Maize,5.27,434.9,33.5,151.8,6.01
Soybean,6.43,359.2,23.6,239.0,4.78
Barley,6.42,609.0,23.9,159.6,4.76
Wheat,5.23,462.8,17.2,240.6,5.03
Soybean,6.22,612.1,36.0,86.1,3.58
Soybean,5.39,762.1,17.1,194.8,4.09
Wheat,7.83,1431.6,29.9,212.4,5.85
Barley,8.32,1032.5,24.5,185.8,4.97
Rice,5.25,1302.0,24.3,171.4,6.37
Soybean,8.34,1152.4,30.6,163.0,3.79
Wheat,6.83,435.0,16.5,222.2,5.07
Maize,6.05,1183.1,28.7,214.3,7.29
Wheat,5.27,630.1,32.8,74.5,3.44
Maize,6.75,1066.9,34.0,219.7,7.13
Barley,7.78,709.2,18.9,132.8,3.93
Rice,7.47,1497.2,35.6,100.7,5.66
Wheat,5.18,616.3,30.1,224.0,4.89
Cotton,5.26,635.0,35.3,136.4,2.29
Soybean,6.41,1416.8,26.2,211.7,5.86
Barley,6.03,329.6,27.5,102.7,3.91
Wheat,5.81,1136.0,36.1,50.8,4.57
Soybean,5.98,1170.4,35.7,149.1,4.47
Wheat,7.81,1303.7,25.3,70.0,4.95
Maize,8.25,1469.3,21.3,200.9,7.15
Wheat,6.42,1470.7,24.0,105.2,5.6
Cotton,8.17,378.3,23.9,138.7,2.86
Wheat,6.13,1286.2,21.6,67.4,4.92
Wheat,6.67,1075.6,21.2,107.3,5.01
Cotton,5.79,1076.8,34.8,206.3,3.58
Barley,7.24,454.0,16.6,80.3,3.31
Wheat,8.43,1080.2,30.6,179.4,5.24
Cotton,7.11,1479.0,19.0,233.5,5.0
Soybean,6.25,1394.2,22.9,186.0,5.14
Maize,7.27,827.0,16.4,212.2,6.56
Maize,5.43,347.9,21.2,71.8,5.44
Wheat,8.11,734.8,32.7,100.1,4.06
Barley,6.76,1291.7,35.4,228.9,5.48
Barley,6.57,1141.8,20.1,193.0,5.07
Soybean,7.05,851.2,25.7,177.9,4.96
Wheat,7.19,366.1,25.8,182.8,5.19
Maize,5.25,812.3,35.1,132.8,6.09
Barley,7.39,862.8,32.5,58.9,3.48
Wheat,5.85,1414.3,26.8,206.9,6.28
Barley,7.5,1069.3,30.4,185.7,4.92
Cotton,7.88,674.0,34.5,144.6,3.01
Barley,7.81,930.4,15.2,230.0,4.98
Maize,6.93,379.3,24.3,117.2,5.77
Rice,6.82,1467.1,35.9,108.9,5.7
Soybean,5.5,732.1,32.0,224.6,4.46
Soybean,7.71,873.4,27.5,209.4,4.39
Maize,5.95,726.3,27.2,153.0,6.83
Barley,6.74,1119.0,23.0,76.1,4.41
Wheat,5.99,1094.7,27.0,93.0,4.84
Barley,5.47,1158.4,30.1,181.2,4.64
Maize,7.2,621.8,24.6,127.0,6.38
Soybean,5.19,678.8,31.4,217.3,4.22
Barley,7.62,450.3,34.8,240.0,4.68
Soybean,6.11,1086.6,18.6,211.1,4.81
Wheat,5.0,347.8,25.4,125.5,3.47
Soybean,6.79,1017.2,24.4,207.7,5.08
Soybean,5.16,1343.6,30.8,120.3,3.74
Rice,5.97,1369.0,20.7,83.4,5.39
Rice,7.47,838.8,29.7,56.7,4.52
Cotton,5.22,851.2,35.2,127.1,2.48
Rice,7.94,392.4,24.6,230.7,5.85
Soybean,5.01,1104.9,36.0,97.8,3.15
Maize,5.86,1285.5,37.8,91.3,5.87
Soybean,7.59,593.6,17.4,244.0,4.18
Maize,6.11,805.6,20.4,55.0,5.59
Maize,5.36,1306.6,36.9,207.2,7.16
Rice,6.26,1352.5,37.0,114.3,6.11
Barley,5.95,591.8,17.2,57.5,3.35
Wheat,7.95,960.7,15.3,233.6,5.49
Rice,6.1,531.0,18.7,77.9,5.1
Rice,7.76,422.3,37.9,160.4,4.82
Barley,8.12,1393.3,19.1,104.8,4.59
Wheat,6.52,1284.6,26.6,63.0,5.13
Soybean,8.18,1212.0,34.5,60.0,2.7
Cotton,6.32,358.5,15.5,73.1,2.03
Cotton,8.37,1312.5,28.9,64.3,2.8
Soybean,5.31,825.7,21.4,202.1,4.34
Rice,7.4,710.9,34.8,147.1,5.05
Wheat,6.73,955.8,21.5,118.6,4.95
Rice,6.36,409.6,30.8,133.7,5.13
Maize,7.21,1208.0,30.5,235.8,7.45
Rice,7.46,998.9,20.1,232.2,6.64
Rice,5.02,523.9,15.8,193.1,5.24
Soybean,5.58,525.9,24.4,226.9,4.28
Soybean,7.5,521.1,21.7,113.9,3.56
Soybean,7.33,368.4,33.6,126.2,3.17
Cotton,8.38,1005.4,33.4,172.7,3.29
Maize,7.66,1308.4,25.5,174.7,7.44
Soybean,8.33,321.0,28.9,146.3,3.04
Wheat,7.46,358.8,28.9,130.1,4.55
Cotton,6.04,987.3,34.0,247.2,4.55
Barley,5.37,1283.4,24.8,214.2,5.45
Wheat,7.74,692.1,21.3,137.0,4.28
Wheat,7.25,719.5,21.1,195.5,5.24
Soybean,5.17,1015.6,27.3,103.9,3.98
Barley,6.26,629.1,25.3,70.0,4.22
Barley,8.35,331.9,25.1,120.5,3.85
Cotton,6.75,1182.3,17.1,130.6,3.58
Barley,6.51,1050.8,31.5,53.3,4.35
Maize,6.6,996.9,19.9,213.0,7.15
Soybean,5.73,1190.0,19.5,121.8,4.07
Barley,6.29,1110.3,24.5,166.1,5.5
Cotton,6.29,547.1,20.2,64.8,2.88
Maize,5.18,723.0,28.4,85.0,5.78
Rice,7.69,451.3,23.5,227.9,5.82
Rice,6.46,455.8,25.3,171.7,5.78
Maize,7.88,1111.4,27.4,240.1,7.37
Cotton,7.98,1330.3,19.7,249.8,4.16
Maize,5.74,1455.3,18.6,124.4,6.71
Soybean,7.3,1054.0,35.2,109.8,3.29
Soybean,6.65,520.9,25.0,221.7,4.42
Rice,8.08,426.8,24.5,249.7,6.09
Barley,5.76,1275.4,15.8,175.9,5.02
Cotton,7.37,994.5,26.5,209.0,4.24
Rice,7.13,1041.9,27.7,206.3,6.57
Barley,6.03,1237.8,27.9,121.1,4.97
Barley,5.48,1143.9,31.3,164.9,4.88
Soybean,7.28,1301.3,19.1,216.6,4.95
Wheat,7.59,367.5,20.8,187.6,4.41
Wheat,6.1,1197.0,33.6,54.2,4.1
Maize,7.26,1321.0,36.8,117.3,6.21
Soybean,6.38,643.4,18.1,78.9,3.3
Barley,7.5,1068.5,26.4,96.6,4.61
Cotton,5.7,677.0,19.9,231.1,3.95
Wheat,8.12,1449.6,16.4,57.4,4.39
Barley,6.01,340.1,22.5,94.0,3.54
Wheat,6.29,995.8,18.3,111.9,4.91
Wheat,5.2,499.8,31.3,173.4,4.61
Wheat,5.39,1154.7,27.3,156.8,5.25
Cotton,6.81,511.1,18.3,93.7,2.54
Soybean,5.94,582.5,15.2,82.8,2.94
Cotton,7.92,893.2,33.6,97.4,2.86
Rice,5.05,1397.8,19.1,150.5,5.69
Barley,6.33,554.1,28.9,104.2,4.13
Soybean,6.18,473.1,22.7,239.5,4.87
Soybean,5.07,1210.8,28.5,142.8,4.05
Soybean,5.44,900.7,22.3,61.8,3.28
Soybean,6.45,1394.1,17.0,195.9,4.97
Cotton,6.73,475.9,20.1,115.8,2.98
Soybean,6.42,1075.1,19.3,180.7,4.99
Maize,6.86,579.5,24.8,105.9,6.29
Barley,7.08,488.1,30.1,164.1,4.05
Soybean,5.03,1120.1,21.1,204.4,4.73
Barley,6.62,1012.4,15.3,235.6,5.37
Maize,8.37,1205.8,26.9,102.2,6.15
Maize,6.82,671.4,28.9,117.0,6.6
Barley,7.37,837.6,37.1,142.9,3.92
Wheat,6.09,786.6,28.6,235.4,6.22
Rice,7.71,1480.9,25.8,230.3,7.05
Wheat,7.71,650.7,28.2,68.0,4.3
Wheat,6.82,653.8,36.3,76.4,4.73
Cotton,8.42,725.5,34.1,149.1,2.79
Wheat,5.44,977.5,22.4,71.3,4.43
Soybean,5.06,602.8,20.5,119.1,2.99
Cotton,7.7,1398.3,21.0,79.7,3.29
Cotton,7.83,618.8,26.6,177.2,3.27
Maize,5.42,1375.0,32.1,239.9,7.52
Wheat,5.93,424.2,26.6,249.3,6.24
Maize,5.06,1087.9,16.6,125.0,6.06
Barley,6.03,1388.4,31.6,169.8,5.16
Rice,7.71,502.5,33.5,221.3,5.57
Cotton,6.81,1462.0,21.7,73.5,3.63
Barley,6.22,843.5,30.3,187.9,5.23
Barley,6.3,1434.9,24.8,131.8,5.33
Soybean,5.0,1112.2,35.4,91.2,3.59
Rice,6.05,661.9,34.4,130.6,5.24
Barley,7.26,526.0,27.1,65.2,3.64
Barley,8.41,664.5,30.9,189.1,3.99
Rice,7.96,411.6,35.3,100.5,4.29
Rice,5.08,472.6,26.4,112.3,4.64
Barley,8.14,425.6,22.2,74.2,2.75
Rice,7.74,807.5,32.3,222.9,6.1
Barley,7.73,1254.7,20.1,148.7,4.31
Barley,6.6,469.7,23.9,164.4,4.72
Soybean,6.39,456.4,34.9,163.9,3.68
Wheat,6.06,1072.1,31.7,132.1,5.36
Barley,5.23,536.6,24.3,88.5,3.31
Maize,5.8,417.1,19.9,199.0,6.55
Cotton,5.86,500.2,23.2,75.4,2.77
Wheat,6.69,1408.5,21.5,70.8,5.25
Wheat,7.62,1285.8,19.1,192.0,5.75
Wheat,6.66,724.9,32.1,91.8,4.6
Soybean,5.2,1087.0,20.8,111.4,3.21
Barley,8.35,944.7,25.4,145.0,4.43
Soybean,8.3,1112.5,23.9,139.9,3.97
Barley,7.75,1119.2,37.6,191.7,4.53
Soybean,8.47,1054.5,24.0,174.7,3.9
Soybean,6.91,619.3,16.8,178.9,3.86
Cotton,8.37,346.8,17.1,192.8,2.99
Maize,5.26,846.7,28.6,108.5,5.91
Soybean,6.28,1369.2,28.8,114.5,4.21
Cotton,5.79,983.4,24.6,137.6,3.44
Rice,5.69,1298.9,24.9,111.5,6.0
Maize,5.49,1489.9,16.2,247.0,7.91
Soybean,7.18,496.3,26.9,212.8,4.82
Wheat,7.73,1130.1,26.6,82.9,4.9
Rice,7.02,1109.2,18.4,51.1,4.93
Rice,5.51,1475.9,17.4,58.6,5.14
Cotton,7.84,1482.7,17.8,98.8,3.5
Rice,7.23,1124.0,17.3,72.9,5.45
Maize,6.36,592.3,29.0,156.7,6.51
Soybean,7.36,1258.3,19.5,221.6,5.15
Soybean,5.91,428.4,20.8,197.4,3.96
Wheat,6.21,1236.8,19.0,93.1,5.16
Cotton,8.21,1392.2,37.0,129.9,3.42
Wheat,6.02,759.4,34.7,151.6,4.55
Rice,6.64,1056.8,20.3,212.0,6.7
Wheat,8.12,816.2,22.5,217.8,5.52
Maize,7.48,825.3,19.8,231.9,6.87
Soybean,5.22,672.4,26.3,151.8,3.65
Rice,5.52,1214.6,15.5,188.9,6.1
Wheat,5.03,1423.4,30.4,72.4,4.72
Cotton,7.21,1428.9,27.0,163.1,4.33
Maize,6.57,509.7,35.7,99.7,5.8
Maize,5.47,1349.7,18.8,136.3,6.33
Wheat,8.35,1184.9,33.5,176.8,5.06
Soybean,6.85,603.4,33.2,101.4,3.73
Wheat,5.85,380.7,17.9,60.4,3.56
Rice,6.75,621.6,24.2,52.0,4.88
Wheat,7.38,1394.6,18.9,54.4,4.66
Maize,5.27,1059.8,20.9,51.7,6.29
Wheat,5.96,1165.3,21.1,72.1,5.0
Soybean,7.82,608.6,27.8,97.9,3.25
Cotton,6.61,1163.3,24.5,94.2,3.8
Barley,6.91,333.7,36.8,247.4,4.85
Wheat,6.51,750.4,17.9,111.2,4.55
Soybean,5.15,1052.1,37.4,75.5,3.17
Soybean,5.58,475.3,20.3,159.1,3.37
Cotton,6.56,1287.6,32.8,221.6,4.88
Maize,5.73,582.0,22.8,185.6,6.54
Soybean,5.17,1082.7,18.3,109.2,3.58
Soybean,7.95,786.2,34.7,162.3,3.5
Soybean,8.43,1015.3,22.1,193.0,4.23
Soybean,7.78,428.9,30.2,195.6,3.74
Rice,7.99,320.3,28.0,183.3,5.72
Rice,5.85,1391.5,25.9,224.2,7.4
Maize,8.36,623.6,26.4,224.0,6.39
Wheat,5.69,1283.6,31.8,165.8,5.53
Soybean,8.33,1499.2,17.0,136.0,4.05
Cotton,8.48,553.7,30.4,178.3,2.88
Wheat,7.49,618.2,35.6,213.6,5.19
Cotton,8.43,1095.4,16.3,51.1,2.47
Wheat,6.99,1458.5,18.2,248.4,6.34
Maize,5.91,1399.0,31.5,86.6,6.78
Soybean,6.53,903.5,25.1,144.0,4.01
Soybean,7.08,1254.1,24.3,224.4,5.5
Barley,5.26,462.9,18.2,95.0,3.51
Cotton,7.18,1472.9,26.7,145.4,4.11
Wheat,8.43,1457.2,17.9,76.5,4.44
Wheat,5.67,496.5,26.0,129.0,4.29
Rice,7.77,659.3,32.6,85.4,4.55
Barley,8.18,420.2,20.9,122.7,3.7
Rice,8.3,626.1,26.1,124.7,5.1
Rice,8.36,1279.1,37.8,248.6,6.12
Rice,6.83,754.0,30.8,249.0,6.59
Cotton,8.42,406.1,34.4,73.0,1.79
Cotton,7.65,710.7,24.5,195.2,3.94
Maize,5.57,1477.7,32.7,60.3,6.13
Maize,6.67,1055.6,15.9,56.0,6.02
Rice,7.51,799.4,17.8,71.1,4.52
Barley,5.87,499.8,19.7,243.1,5.02
Wheat,7.24,1483.4,24.2,238.2,6.44
Cotton,7.33,1285.0,34.5,88.8,3.23
Barley,5.57,637.8,23.0,82.3,3.7
Soybean,6.98,384.1,30.1,98.1,3.23
Cotton,7.7,368.0,31.3,153.1,2.65
Cotton,6.75,444.5,28.5,163.9,3.6
Maize,5.04,996.9,23.2,94.3,6.14
Wheat,5.03,1414.5,28.3,201.3,5.56
Wheat,6.25,896.1,22.9,111.9,4.92
Soybean,8.24,1311.5,16.9,234.4,4.54
Soybean,5.8,835.1,37.8,181.3,3.79
Cotton,7.22,1150.3,17.9,137.3,3.51
Rice,5.78,1178.2,16.7,208.0,6.61
Maize,6.13,508.8,35.2,213.6,6.4
Maize,7.97,733.5,21.9,108.1,5.35
Cotton,7.55,1064.8,30.0,117.9,3.27
Barley,5.33,384.8,22.6,237.2,4.58
Rice,6.5,733.8,24.0,82.9,5.4
Cotton,5.1,941.8,21.0,58.4,2.66
Rice,6.68,1495.5,22.9,140.8,6.39
Rice,7.32,869.4,24.4,210.2,6.11
Rice,5.41,1279.3,31.6,204.3,6.27
Cotton,6.01,818.5,26.8,233.9,4.33
Maize,6.39,1255.7,36.7,156.6,7.35
Maize,8.22,1014.5,16.0,70.0,5.7
Rice,8.48,1363.9,26.6,167.7,5.75
Barley,5.16,793.1,28.4,205.7,4.39
Wheat,7.66,1025.2,36.2,68.7,4.08
Cotton,6.3,1056.0,16.1,84.5,3.54
Wheat,6.37,800.9,28.2,52.5,4.69
Barley,7.64,473.2,34.6,168.7,3.93
Cotton,8.21,412.3,20.6,227.3,3.18
Rice,8.33,320.0,35.2,184.1,5.02
Maize,7.02,1348.2,15.4,246.4,7.62
Wheat,6.25,583.8,31.8,62.6,4.54
Soybean,7.76,553.8,36.5,230.6,3.54
Soybean,5.88,1183.2,30.1,212.8,5.02
Barley,6.97,684.0,25.1,112.8,4.24
Rice,6.26,907.3,16.0,244.7,6.55
Wheat,7.3,495.0,36.2,107.6,4.08
Rice,5.84,1451.7,25.8,227.9,7.3
Wheat,5.67,1321.9,15.7,226.1,5.98
Barley,8.21,1336.5,30.9,201.5,5.3
Barley,5.36,788.1,26.1,162.7,5.02
Soybean,6.77,1214.8,17.9,74.0,3.79
Rice,5.77,472.7,19.9,156.4,5.22
Cotton,5.14,310.3,16.5,121.4,2.01
Soybean,5.13,324.0,28.2,208.4,3.92
Rice,5.61,1003.9,29.3,201.6,6.46
Soybean,8.03,846.5,26.6,232.1,4.29
Cotton,5.99,921.6,33.8,53.0,2.98
Maize,8.33,309.0,34.8,211.8,5.81
Maize,7.04,807.2,29.2,237.7,7.09
Maize,6.53,1161.7,15.3,207.9,7.11
Maize,7.03,831.2,31.0,76.0,5.79
Wheat,6.81,1178.7,24.6,66.3,4.83
Maize,7.66,579.6,28.0,54.2,5.56
Cotton,5.99,1275.8,29.9,175.7,4.45
Barley,6.24,1006.1,23.1,175.9,5.5
Barley,8.13,552.9,36.1,247.4,4.24
Wheat,8.31,584.1,18.1,129.6,4.07
Maize,8.12,1053.6,30.4,116.4,5.98
Maize,6.47,1295.9,15.1,174.9,7.14
Maize,7.73,798.8,36.3,215.1,6.22
Soybean,6.67,610.0,17.6,237.4,4.3
Rice,6.74,1340.4,17.2,210.6,6.85
Soybean,5.72,1103.1,22.7,135.3,3.91
Rice,7.07,837.7,23.6,177.0,6.23
Maize,5.65,885.5,19.9,221.3,6.88
Maize,6.16,545.1,28.5,148.1,6.09
Soybean,7.99,1052.2,25.2,93.3,3.15
Soybean,5.72,730.5,15.8,83.9,3.37
Rice,5.25,1494.8,22.4,50.0,5.03
Barley,5.24,876.2,33.6,193.6,4.53
Rice,8.29,883.1,30.9,72.2,4.77
Soybean,6.77,979.0,31.7,98.8,3.61
Cotton,6.43,1400.1,31.1,109.6,3.89
Soybean,7.84,1261.0,22.2,162.1,4.43
Cotton,7.93,841.4,17.3,129.6,2.93
Wheat,6.16,1162.4,21.3,184.9,5.68
Soybean,7.43,1003.5,34.1,61.1,3.26
Wheat,7.7,890.8,37.6,74.8,3.91
Barley,7.29,530.8,26.4,149.8,4.2
Rice,5.53,856.7,15.2,117.4,5.31
Cotton,8.07,595.0,18.2,109.2,2.49
Rice,6.89,1397.8,22.4,63.4,5.4
Wheat,5.99,702.5,28.3,229.1,5.82
Cotton,6.49,1442.7,16.7,188.4,4.36
Rice,5.13,939.7,36.7,74.3,4.59
Soybean,5.45,1057.9,23.4,63.0,3.51
Maize,7.68,951.5,36.0,245.0,6.78
Wheat,5.0,455.3,33.0,186.2,4.86
Rice,6.46,751.0,32.4,133.5,5.38
Wheat,6.83,419.0,29.0,190.3,5.17
Wheat,5.19,1047.5,29.4,201.3,5.54
Cotton,8.41,836.2,29.7,206.0,3.55
Cotton,5.79,1233.6,29.5,145.6,3.9
Maize,6.06,564.6,27.7,136.0,6.32
Soybean,6.06,497.5,37.7,52.2,2.5
Wheat,5.81,787.6,31.8,235.3,5.44
Rice,5.01,1411.9,32.9,170.7,6.27
Barley,7.55,1152.5,35.1,90.6,3.91
Wheat,8.38,802.7,20.0,233.9,5.54
Wheat,5.79,920.7,16.9,233.0,5.68
Maize,7.32,401.1,26.1,247.8,6.52
Soybean,7.6,1481.5,26.8,224.8,5.48
Barley,7.97,1099.7,34.1,249.6,5.09
Cotton,6.48,642.5,25.2,98.9,3.11
Cotton,6.06,1003.0,28.1,218.4,4.73
Rice,6.14,431.4,27.1,214.6,6.06
Barley,7.49,1459.0,15.9,96.2,4.22
Cotton,7.86,509.7,29.1,69.7,2.44
Rice,5.64,1077.6,34.0,245.9,6.73
Soybean,6.3,594.5,18.6,109.2,3.54
Rice,8.16,1161.1,28.7,224.2,6.37
Cotton,7.82,1232.2,28.7,50.8,2.84
Maize,8.45,1108.1,18.8,54.2,5.63
Maize,7.64,1037.4,17.8,143.2,6.34
Maize,6.38,1371.0,37.5,97.7,6.48
Cotton,7.07,394.4,24.1,188.0,3.5
Maize,7.31,697.1,20.2,163.1,6.59
Barley,5.27,597.9,18.9,65.5,3.23
Soybean,6.91,1485.6,30.4,82.5,4.47
Rice,7.48,767.3,29.0,127.6,5.35
Rice,5.59,1179.1,29.8,87.1,5.66
Cotton,7.73,1121.7,17.0,208.4,3.89
Maize,7.04,554.5,35.6,133.2,5.74
Maize,8.33,586.8,24.0,68.7,5.28
Wheat,5.15,637.5,22.2,146.9,4.14
Soybean,5.93,793.4,25.6,68.2,3.44
Barley,7.11,581.2,24.0,75.8,3.53
Rice,6.04,323.6,34.9,97.9,5.08
Wheat,7.5,1355.3,36.4,221.9,5.4
Wheat,7.66,1458.7,22.0,234.9,6.69
Cotton,5.36,709.9,34.9,215.3,3.63
Rice,6.8,706.2,33.0,116.8,5.27
Cotton,6.78,308.5,36.4,104.5,2.67
Barley,6.29,1116.3,20.7,159.8,4.92
Wheat,8.27,1290.5,28.3,194.4,5.24
Wheat,7.9,475.9,21.3,248.7,5.19
Soybean,7.44,491.6,34.0,76.3,2.97
Barley,7.5,1248.1,15.1,59.9,4.04
Wheat,6.62,1039.5,28.0,188.9,6.0
Barley,8.22,353.8,22.8,216.4,4.13
Rice,7.43,1047.1,22.4,219.3,6.73
Maize,7.55,670.7,29.8,185.7,6.78
Wheat,8.02,742.5,34.6,240.8,5.19
Soybean,5.96,1223.7,29.0,152.2,4.82
Rice,7.82,1273.1,34.6,232.8,6.81
Barley,5.68,780.4,21.1,243.6,5.05
Cotton,6.21,1436.6,26.9,219.4,4.85
Rice,6.17,787.8,25.4,112.0,5.61
Wheat,8.42,1226.2,15.3,89.2,3.86
Barley,8.0,880.7,27.8,159.6,4.59
Maize,7.45,1377.0,30.2,140.6,6.59
Rice,7.54,1389.3,28.6,225.6,7.1
Wheat,6.97,404.9,31.9,70.0,3.85
Soybean,8.31,1423.8,28.1,101.5,4.17
Cotton,6.74,1290.6,16.5,200.4,3.81
Barley,6.33,1249.6,17.7,69.0,4.24
Rice,5.57,541.1,28.7,114.2,4.89
Rice,7.75,1266.1,21.3,127.4,6.02
Maize,7.57,1320.2,16.8,174.5,7.17
Maize,6.35,647.0,24.9,81.6,5.71
Soybean,5.09,1442.7,27.7,222.1,5.24
Cotton,7.94,359.8,22.6,139.5,2.94
Soybean,5.04,479.9,31.6,233.4,4.05
Wheat,7.46,945.1,29.8,143.6,5.14
Wheat,8.4,991.0,22.7,105.0,4.51
Soybean,6.53,1074.2,32.4,78.4,4.04
Cotton,5.82,320.4,29.9,50.7,2.04
Soybean,7.47,1452.4,29.7,156.4,4.87
Cotton,7.86,353.5,27.7,71.4,2.34
Cotton,6.91,471.7,15.3,128.3,2.83
Barley,8.38,316.8,31.0,167.9,3.77
Cotton,5.18,980.2,23.6,105.1,2.92
Maize,6.77,1418.7,36.7,85.0,6.15
Cotton,7.51,1099.1,33.8,204.9,3.92
Cotton,8.02,1287.2,28.5,239.4,4.78
Cotton,5.63,315.9,20.8,70.1,2.03
Wheat,7.8,950.4,19.7,81.1,4.3
Maize,6.93,851.5,22.8,242.0,7.31
Maize,6.39,898.8,26.0,57.6,6.14
Soybean,5.46,386.7,21.8,245.5,4.33
Barley,8.03,1121.3,26.8,50.9,4.03
Cotton,5.55,903.9,18.8,224.7,3.8
Rice,6.08,1218.2,37.5,111.5,5.85
Barley,6.02,882.3,17.5,237.7,5.25
Barley,8.05,479.3,36.4,113.4,3.2
Maize,7.35,1077.9,36.0,180.9,6.75
Barley,7.79,506.9,27.1,66.0,3.87
Cotton,5.88,1346.9,31.7,98.5,3.75
Cotton,7.19,1035.7,25.0,204.7,4.21
Wheat,7.0,488.6,29.5,155.7,4.86
Cotton,7.91,1454.8,22.8,235.6,4.64
Cotton,8.17,922.0,21.9,135.8,3.27
Maize,5.04,387.5,28.3,224.0,6.53
Cotton,7.36,1052.2,26.5,139.8,4.18
Wheat,5.18,603.8,28.3,245.8,5.38
Rice,6.92,1264.4,21.6,242.0,6.67
Maize,6.01,1281.4,23.4,115.8,6.93
Rice,6.07,1474.7,16.9,227.2,6.78
Maize,6.24,902.2,16.2,219.5,6.76
Soybean,7.17,845.9,20.8,92.1,3.41
Barley,6.17,1204.2,16.7,174.9,4.93
Soybean,7.56,459.0,17.4,64.5,2.85
Cotton,6.42,956.3,33.7,217.3,3.98
Rice,5.24,955.5,15.9,84.9,4.9
Cotton,7.74,407.4,30.2,64.2,2.66
Barley,6.0,801.6,21.3,130.0,4.37
Maize,6.51,1323.9,35.0,165.4,7.15
Barley,7.4,1327.4,26.2,221.0,5.87
Wheat,6.16,419.1,22.0,244.8,5.65
Barley,5.2,408.9,26.9,137.9,4.23
Wheat,6.31,615.2,23.8,62.1,4.39
Barley,8.31,1349.7,28.0,199.8,5.27
Wheat,7.25,454.7,17.6,163.0,4.69
Rice,7.35,1164.0,37.9,139.6,5.48
Cotton,7.21,421.4,24.8,111.9,2.95
Cotton,5.7,1047.8,23.0,150.5,3.78
Soybean,6.46,727.3,31.3,117.7,3.64
Cotton,7.63,1246.7,23.4,201.4,4.2
Maize,5.35,580.4,34.2,158.8,6.28
Barley,5.97,1067.0,25.4,225.4,5.84
Soybean,5.97,582.8,31.5,158.7,3.75
Maize,6.51,1156.4,17.5,97.7,6.5
Maize,8.43,1348.4,34.5,220.2,7.11
Wheat,5.24,452.2,31.9,161.4,4.53
Cotton,6.82,1339.9,19.9,91.4,3.8
Rice,5.63,1012.3,18.3,174.7,5.98
Rice,8.4,452.5,22.3,121.5,4.72
Soybean,5.4,813.1,37.4,218.9,4.02
Rice,6.41,493.0,20.9,140.7,5.29
Barley,7.58,1140.4,25.5,195.3,5.38
Rice,7.47,1210.6,15.7,69.1,5.02
Soybean,6.48,427.0,24.1,129.2,3.53
Rice,6.21,907.4,28.1,246.6,6.75
Barley,6.39,1277.6,36.9,211.7,5.55
Wheat,5.92,1423.4,26.9,82.0,4.92
Soybean,5.72,916.2,33.8,105.6,3.35
Wheat,6.69,1440.3,27.6,116.0,5.74
Wheat,5.94,942.8,15.9,180.1,5.44
Wheat,6.01,773.0,22.2,201.4,5.7
Maize,7.3,1317.8,28.2,199.9,7.79
Cotton,8.39,891.6,36.9,152.0,2.85
Maize,7.11,866.3,34.8,212.2,6.84
Cotton,5.27,888.4,20.3,137.4,3.38
Wheat,5.26,1316.1,20.1,74.8,4.44
Soybean,8.33,1298.3,19.6,162.9,3.86
Cotton,6.04,784.2,36.2,240.5,3.78
Barley,5.32,700.0,34.6,208.6,4.68
Barley,7.1,890.3,32.8,165.7,4.47
Rice,7.18,987.3,24.0,179.4,6.45
Cotton,7.27,586.0,26.6,236.1,4.17
Soybean,5.94,1252.7,25.7,135.7,4.82
Maize,5.05,883.8,20.8,116.3,5.76
Wheat,8.38,700.9,26.6,245.4,5.26
Rice,5.88,428.2,15.7,222.7,5.74
Barley,7.37,586.6,18.0,114.6,3.67
Maize,7.47,1439.1,35.4,142.8,6.22
Maize,7.14,666.1,32.3,133.0,5.89
Wheat,6.1,502.6,24.7,79.8,4.19
Cotton,5.95,852.8,26.9,241.6,4.31
Barley,7.09,668.5,23.5,130.9,4.49
Soybean,8.03,342.2,32.0,225.1,3.8
Maize,8.31,687.8,33.0,87.9,5.35
Wheat,5.37,952.9,32.6,159.6,5.35
Soybean,5.54,962.1,31.6,54.8,3.47
Cotton,8.31,727.9,19.7,202.8,3.47
Barley,7.58,836.8,22.8,166.2,4.27
Cotton,8.09,1458.6,25.8,175.1,4.23
Maize,5.71,752.8,22.6,60.3,5.81
Soybean,7.06,609.9,32.4,92.2,3.22
Soybean,7.45,592.2,22.6,64.9,3.4
Soybean,7.38,849.3,18.2,107.8,3.48
Maize,6.43,1211.4,24.2,175.5,7.25
Maize,5.05,547.2,37.5,163.2,5.5
Cotton,7.04,1151.2,20.2,172.4,4.48
Rice,5.89,325.4,29.1,159.9,5.32
Cotton,6.58,802.7,25.0,104.6,3.14
Barley,8.35,1231.0,16.6,98.9,3.69
Wheat,6.4,706.5,26.2,77.4,4.41
Soybean,7.94,976.5,31.1,219.8,4.59
Rice,5.66,546.0,26.8,173.3,5.37
Wheat,7.35,1190.4,35.1,87.3,4.31
Rice,8.42,362.7,21.6,85.4,4.26
Cotton,5.36,1323.1,17.0,224.6,4.43
Maize,5.03,537.8,36.5,198.5,6.0
Soybean,6.52,1349.3,23.7,181.9,4.93
Cotton,5.32,723.0,28.3,131.4,3.23
Wheat,7.62,1167.2,33.2,102.4,4.58
Wheat,8.2,683.1,22.5,245.9,5.52
Wheat,6.52,1387.1,31.5,209.4,6.45
Wheat,5.91,452.0,18.1,110.4,4.1
Wheat,6.52,514.2,21.7,219.5,5.7
Rice,7.53,891.6,18.3,201.8,5.96
Cotton,5.03,398.3,33.7,109.4,2.58
Soybean,7.06,535.2,20.1,135.3,3.75
Maize,7.15,1432.5,31.5,87.2,6.71
Maize,7.23,1471.8,36.7,72.2,6.49
Cotton,5.85,751.5,27.1,194.6,3.99
Cotton,7.5,1407.9,27.4,103.5,3.61
Maize,5.32,953.8,25.6,214.0,7.21
Maize,5.7,623.7,22.5,249.1,7.05
Rice,8.07,1142.9,25.9,65.3,5.35
Barley,7.59,1090.7,28.9,144.6,4.68
Soybean,5.05,1487.0,37.7,210.4,4.59
Wheat,5.87,618.1,36.6,207.8,4.76
Barley,5.75,1106.5,34.8,202.0,5.08
Cotton,5.95,362.4,35.5,119.8,2.37
Maize,5.87,436.4,25.8,140.8,6.49
Barley,5.22,304.7,30.1,169.0,4.13
Soybean,6.61,1499.4,35.6,244.8,5.51
Cotton,7.56,1262.7,24.0,115.5,3.72
Wheat,7.12,1244.1,37.1,234.6,5.77
Wheat,7.36,911.7,24.6,103.9,4.71
Soybean,5.28,660.1,28.8,247.8,4.51
Soybean,8.33,481.5,31.3,184.1,3.85
Maize,7.93,641.6,36.9,142.7,5.71
Wheat,7.82,751.2,20.6,172.7,4.57
Cotton,7.88,1207.6,32.2,104.5,2.84
Barley,8.26,947.6,27.0,104.8,3.74
Cotton,6.9,393.0,21.2,72.7,2.5
Rice,5.7,321.6,32.9,72.8,4.69
Rice,7.16,422.8,27.7,119.5,5.03
Soybean,7.6,792.6,30.2,202.6,4.55
Maize,7.58,1419.8,22.4,171.6,7.22
Rice,6.83,1064.9,26.1,70.5,5.79
Wheat,5.24,1262.2,29.2,220.4,5.95
Cotton,6.3,859.6,24.3,170.3,4.18
Cotton,8.22,734.0,19.6,242.2,3.58
Soybean,7.05,430.1,37.1,184.0,3.16
Barley,6.88,1351.1,26.8,85.0,4.72
Soybean,5.94,1239.8,31.9,144.8,4.2
Barley,6.29,501.7,24.5,179.7,4.84
Soybean,8.13,914.7,23.2,55.7,3.11
Soybean,7.33,884.8,24.4,53.0,3.34
Soybean,7.76,1050.1,24.4,75.9,3.93
Barley,6.59,1435.4,27.5,100.3,5.0
Barley,7.21,995.7,27.5,135.9,4.28
Soybean,5.87,948.3,26.4,147.5,4.38
Rice,7.47,360.4,18.1,77.6,4.64
Maize,6.5,375.5,26.4,184.7,6.89
Maize,6.55,524.8,18.9,169.2,6.43
Maize,7.27,339.0,17.9,108.9,5.54
Barley,8.28,1192.0,36.5,52.7,3.75
Barley,5.22,1168.0,28.9,65.5,3.86
Rice,7.89,463.3,30.2,128.3,4.93
Maize,6.02,1303.3,24.2,80.8,6.81
Maize,6.55,485.7,35.9,125.4,6.02
Soybean,5.08,661.4,29.7,175.6,3.76
Barley,6.05,598.8,32.7,159.4,4.28
Maize,6.76,746.8,23.5,96.2,6.23
Cotton,5.2,605.6,37.1,118.8,2.59
Rice,6.72,886.7,33.9,172.8,6.08
Cotton,8.24,788.9,34.6,222.2,3.86
Cotton,5.37,1483.9,19.0,200.6,3.98
Rice,7.68,367.1,21.2,160.7,5.5
Cotton,6.43,470.6,21.6,122.5,3.16
Maize,7.29,363.4,21.2,123.0,5.77
Barley,5.91,1051.0,34.7,225.9,5.36
Rice,5.56,365.4,15.7,57.8,4.31
Soybean,5.56,1303.7,16.8,247.6,5.18
Cotton,5.25,914.3,21.3,182.9,3.92
Rice,5.65,932.4,19.6,186.2,5.95
Wheat,7.32,973.9,20.3,57.6,4.6
Wheat,8.09,505.0,33.4,171.1,4.25
Barley,7.85,537.2,28.0,147.0,4.01
Maize,7.4,682.6,15.1,71.2,5.31
Barley,5.39,1012.2,24.9,105.6,4.25
Barley,6.01,552.1,24.4,228.1,5.11
Barley,6.08,439.6,17.6,160.0,4.31
Barley,5.87,1464.1,30.6,132.7,5.18
Soybean,6.8,326.4,31.1,64.5,2.84
Soybean,6.87,1263.2,31.6,192.8,4.74
Rice,6.25,1245.6,31.8,190.6,6.41
Wheat,6.24,656.7,15.0,172.8,4.9
Barley,7.9,462.8,36.9,152.1,3.26
Rice,7.76,474.8,33.7,136.8,4.7
Wheat,6.08,1136.9,35.8,168.7,5.24
Cotton,8.2,1071.4,15.4,96.7,2.84
Maize,8.33,1239.3,36.5,238.3,6.86
Soybean,6.14,1425.0,33.6,167.8,4.94
Cotton,6.24,1130.3,34.3,112.2,3.55
Wheat,6.77,487.0,17.1,139.9,4.46
Cotton,8.29,592.1,32.0,211.1,3.18
Maize,8.07,1310.6,37.1,82.3,5.56
Wheat,5.36,551.2,30.6,108.6,4.71
Cotton,6.37,387.0,28.1,185.9,3.94
Soybean,6.94,1143.9,36.7,113.1,3.96
Soybean,6.76,783.0,25.2,208.5,4.55
Rice,5.68,1404.0,28.8,76.1,5.65
Cotton,8.01,1080.3,26.0,202.5,3.9
Barley,7.37,408.5,36.5,63.7,3.07
Cotton,7.93,1437.4,16.7,52.5,2.64
Wheat,8.01,610.3,26.5,229.6,5.18
Wheat,7.62,704.7,30.8,166.3,4.67
Cotton,6.54,782.7,33.2,120.4,3.32
Maize,7.14,361.5,28.4,96.5,5.77
Soybean,5.56,895.8,35.9,173.4,3.87
Wheat,7.36,448.0,36.7,151.8,4.59
Soybean,5.63,781.2,16.5,248.3,4.6
Wheat,7.43,720.9,24.3,246.6,5.58
Rice,5.8,1227.4,15.5,177.0,6.11
Barley,5.41,1263.8,22.6,138.6,4.63
Wheat,5.58,484.1,27.3,148.2,4.65
Soybean,5.01,739.9,35.9,186.5,3.73
Rice,7.52,748.0,34.5,70.3,4.81
Wheat,7.56,481.7,17.9,115.7,3.96
Maize,6.8,1258.1,17.1,65.1,5.99
Barley,5.56,1148.7,28.6,64.7,4.18
Wheat,5.29,528.5,27.2,89.2,4.28
Rice,5.07,740.1,21.1,147.1,5.17
Maize,5.58,427.0,35.7,207.0,6.39
Cotton,8.12,1053.8,36.3,147.1,3.19
Rice,5.85,445.6,24.3,117.1,5.1
Rice,6.24,1483.1,35.5,66.5,5.86
Maize,5.37,1236.8,23.8,160.1,7.19
Rice,5.78,768.3,31.9,104.3,5.63
Maize,6.82,994.3,25.9,173.0,7.59
Wheat,7.13,1393.6,17.8,245.4,6.02
Maize,5.86,964.9,36.3,72.3,5.95
Maize,5.2,509.4,25.4,92.4,5.88
Barley,6.37,754.4,31.9,144.6,4.49
Maize,5.82,1311.8,23.4,243.7,7.95
Maize,5.77,1073.1,15.4,204.4,6.51
Cotton,8.36,1080.9,17.3,229.6,3.36
Wheat,7.16,1340.2,26.4,116.7,5.15
Barley,6.95,1372.8,30.9,248.4,6.01
Cotton,6.46,1403.8,22.7,70.6,3.87
Soybean,6.5,413.8,31.0,60.6,3.09
Wheat,6.89,953.0,31.1,221.1,6.16
Wheat,7.44,1188.6,31.2,235.5,6.14
Soybean,7.46,1208.3,26.3,68.1,3.53
Maize,5.6,1028.1,36.0,72.7,5.71
Cotton,6.75,500.1,26.3,56.6,2.65
Rice,6.44,1256.9,25.4,70.9,6.05
Barley,8.05,1164.1,19.6,91.9,3.95
Rice,7.21,403.4,22.1,244.0,5.9
Soybean,6.86,856.6,16.0,183.6,4.52
Wheat,5.4,508.8,29.6,205.7,5.05
Wheat,7.12,705.0,20.7,205.2,5.25
Barley,5.41,321.7,22.0,157.0,3.89
Wheat,6.18,780.4,32.7,209.5,5.82
Wheat,5.5,959.9,22.5,169.2,5.42
Barley,7.42,1043.5,20.6,112.9,4.27
Cotton,5.72,1096.2,18.9,162.2,3.53
Cotton,6.37,1303.5,32.8,156.7,4.0
Barley,8.13,558.6,18.0,214.7,4.12
Soybean,5.72,444.6,25.4,246.3,4.67
Wheat,6.78,1321.8,26.7,132.2,5.89
Wheat,6.47,487.9,30.8,202.7,5.21
Soybean,5.06,1469.7,29.6,70.0,3.94
Cotton,7.77,1311.0,33.6,205.4,3.88
Maize,5.24,901.1,16.0,124.3,5.77
Maize,6.66,1477.7,21.8,57.9,6.38
Maize,6.96,416.9,21.4,122.6,5.69
Cotton,7.2,663.7,18.4,172.1,3.19
Cotton,7.41,1065.9,21.7,73.9,3.07
Soybean,5.89,720.0,22.1,234.8,4.46
Wheat,5.03,1414.0,27.0,65.5,5.1
Soybean,7.53,378.8,30.3,236.0,3.95
Soybean,6.87,959.3,23.8,191.4,4.77
Cotton,7.93,1009.0,31.5,115.9,3.35
Maize,7.87,1083.3,22.7,128.2,6.41
Rice,7.95,606.8,21.7,198.2,5.52
Wheat,6.7,737.5,27.4,170.3,5.48
Cotton,6.17,1312.4,15.5,184.3,4.02
Maize,7.77,533.9,16.8,127.8,5.39
Rice,6.58,1292.2,24.6,147.6,6.69
Rice,5.64,975.2,36.7,248.0,6.16
Cotton,7.99,1214.6,31.6,92.8,3.27
Barley,8.09,1156.3,17.0,133.6,4.3
Wheat,6.63,549.0,34.5,108.4,4.47
Rice,5.26,982.6,31.8,203.0,6.21
Cotton,6.36,1341.3,29.1,202.8,4.65
Cotton,7.81,818.5,33.9,108.5,2.92
Maize,8.16,1459.9,24.3,66.3,6.4
Barley,5.71,842.7,20.1,52.3,3.59
Wheat,5.23,471.3,26.8,135.5,4.42
Soybean,8.07,767.3,27.6,132.1,3.68
Maize,6.36,1442.0,27.4,247.7,8.69
Rice,6.9,683.7,28.0,144.0,5.73
Rice,8.39,1341.7,36.8,101.3,4.97
Maize,5.23,1357.5,35.8,228.2,7.42
Cotton,7.27,720.2,35.1,148.2,3.15
Rice,5.26,399.9,33.4,169.8,5.26
Barley,6.31,1169.5,36.7,69.1,4.41
Wheat,7.81,673.8,17.3,126.6,3.84
Barley,6.52,1239.5,21.1,238.8,5.89
Rice,8.49,831.2,26.4,167.9,5.51
Soybean,6.96,882.3,34.5,118.9,3.53
Wheat,6.12,1233.5,26.6,175.1,5.57
Wheat,5.77,758.8,32.2,232.1,5.2
Maize,6.23,831.8,18.2,104.8,6.19
Maize,6.3,751.4,20.8,151.0,6.51
Soybean,5.24,740.8,31.8,241.7,4.22
Cotton,6.29,931.1,18.8,84.5,3.18
Wheat,6.62,1270.6,23.1,193.9,5.99
Soybean,7.53,734.1,21.1,172.9,4.22
Maize,7.3,929.1,23.0,185.9,6.83
Maize,7.48,1104.9,31.3,120.2,6.71
Wheat,5.03,623.3,23.5,112.8,4.3
Barley,5.76,633.0,27.8,186.8,4.61
Rice,7.32,1420.1,17.3,93.1,5.46
Maize,6.69,1168.2,33.5,133.9,7.09
Cotton,5.02,992.6,23.5,87.6,3.12
Cotton,7.82,1077.3,29.9,51.7,2.62
Maize,7.7,335.2,31.7,244.0,6.54
Barley,6.92,1041.7,19.8,136.3,4.18
Barley,5.23,911.4,35.3,243.9,4.62
Soybean,7.68,954.9,29.2,78.1,3.3
Cotton,7.04,731.3,24.9,167.5,3.64
Soybean,7.74,397.8,19.2,90.2,3.03
Cotton,7.63,532.0,36.7,208.0,2.83
Rice,7.81,1440.9,32.4,206.7,6.17
Rice,6.81,790.4,19.8,72.5,5.23
Wheat,5.49,860.0,22.8,232.4,5.7
Soybean,7.35,363.3,33.6,88.9,2.78
Maize,7.17,345.1,31.0,172.6,6.62
Soybean,7.6,1160.6,32.6,247.1,4.99
Maize,5.59,945.7,25.1,226.5,7.6
Barley,5.68,910.4,31.5,241.3,5.23
Soybean,8.12,591.7,23.9,118.5,3.18
Barley,7.62,1193.7,19.9,71.1,3.9
Rice,8.18,501.9,29.6,87.7,4.74
Rice,7.66,527.9,37.4,150.1,5.05
Wheat,7.09,852.9,22.1,208.6,5.55
Soybean,7.29,643.5,25.6,80.0,3.54
Barley,8.11,597.0,30.5,181.9,4.38
Maize,7.03,1074.3,27.5,114.7,6.6
Rice,7.21,1081.2,34.4,118.2,5.45
Rice,5.55,1289.4,32.5,182.4,6.33
Maize,6.66,801.3,16.3,143.4,6.04
Barley,7.51,387.7,38.0,212.4,4.18
Barley,5.95,628.4,32.3,81.2,3.52
Soybean,5.71,1476.0,34.9,208.0,5.07
Soybean,6.1,1015.5,30.0,62.8,4.09
Cotton,5.85,1151.7,34.7,88.8,3.03
Cotton,5.75,308.8,17.6,181.2,2.77
Wheat,6.49,921.8,23.0,221.0,6.0
Rice,8.18,345.0,35.2,100.5,4.17
Soybean,6.77,983.1,19.6,115.4,4.11
Barley,5.66,1404.9,16.8,157.4,4.91
Maize,5.27,1462.1,33.1,92.3,6.29
Barley,7.44,948.7,34.2,212.2,4.88
Rice,6.34,849.8,18.7,204.7,6.04
Cotton,7.88,1434.0,34.6,79.1,3.25
Barley,7.31,1108.3,30.8,142.8,5.01
Wheat,7.79,377.9,27.0,205.0,4.72
Rice,5.95,858.9,34.1,117.5,5.06
Cotton,7.42,588.3,24.6,176.6,3.48
Maize,5.92,863.8,19.5,60.0,5.54
Cotton,8.29,846.6,21.6,171.7,3.03
Wheat,7.23,998.6,26.6,80.5,4.54
Rice,6.14,728.1,27.2,216.1,6.41
Maize,5.94,497.1,33.5,121.1,5.78
Wheat,5.67,904.5,33.2,106.3,4.64
Cotton,7.43,1296.2,28.4,218.2,4.44
Wheat,5.77,1096.8,33.0,60.0,4.19
Rice,7.08,706.0,19.4,129.3,5.37
Soybean,5.93,1422.6,16.2,124.0,3.98
Wheat,7.32,1394.6,35.1,107.0,5.07
Wheat,7.85,551.2,16.7,232.4,4.57
Cotton,7.72,347.3,20.7,200.2,2.76
Cotton,7.66,1189.6,31.0,62.8,2.66
Maize,5.66,1293.1,24.4,192.9,7.34
Cotton,5.31,1461.4,35.2,155.5,3.71
Barley,7.45,1367.8,21.9,230.2,5.65
Rice,6.29,1020.6,15.3,112.6,5.39
Rice,6.51,936.1,21.9,164.8,6.08
Soybean,5.11,333.4,28.3,150.2,3.65
Soybean,5.91,596.0,23.6,147.9,4.16
Rice,5.12,851.5,27.3,141.2,5.76
Soybean,8.08,1054.2,35.2,91.1,3.26
Maize,5.85,968.7,36.0,201.1,6.9
Cotton,6.95,1191.2,21.1,140.3,3.73
Rice,5.14,635.7,25.6,241.7,6.23
Soybean,7.33,977.9,27.6,102.2,3.69
Rice,6.13,405.8,36.8,186.5,5.2
Barley,8.14,796.4,38.0,238.1,4.12
Wheat,8.11,1200.2,20.4,182.7,5.32
Cotton,6.14,1132.1,31.7,224.3,4.53
Rice,8.15,1488.8,23.7,215.5,6.58
Wheat,8.49,633.5,15.2,122.0,3.69
Soybean,7.89,897.8,15.2,170.0,3.3
Wheat,7.96,695.4,25.6,81.3,4.29
Cotton,5.87,828.7,26.2,157.1,3.76
Rice,7.02,1328.3,15.5,96.1,5.74
Barley,5.24,1121.1,30.8,198.7,4.99
Soybean,5.33,1358.9,21.8,155.6,4.57
Rice,8.5,544.2,27.9,132.2,4.91
Cotton,6.14,1348.0,21.9,103.8,3.87
Soybean,7.62,371.7,18.8,249.7,4.25
Maize,7.82,1366.3,24.4,64.3,6.23
Wheat,8.0,694.9,20.3,58.7,3.87
Cotton,8.49,677.5,27.3,93.5,2.47
Maize,5.85,914.5,19.6,244.2,7.26
Rice,5.14,1428.8,26.7,245.8,7.34
Barley,6.44,357.3,18.6,181.0,4.54
Soybean,5.46,722.7,30.4,226.0,4.28
Wheat,5.08,1327.9,32.3,92.8,4.77
Soybean,6.26,775.3,17.5,244.4,4.46
Rice,7.74,539.0,25.8,78.6,4.81
Soybean,6.98,809.8,16.6,70.2,3.02
Wheat,6.09,762.7,28.8,72.4,4.63
Rice,7.29,1398.5,21.1,164.6,6.32
Soybean,5.81,1214.3,27.1,206.2,5.09
Barley,5.05,906.1,26.9,123.3,4.42
Cotton,7.68,1486.0,36.3,245.6,4.38
Rice,7.18,858.3,27.6,136.9,5.71
Cotton,7.67,369.9,28.4,80.1,2.42
Rice,5.14,614.7,24.2,143.2,5.15
Barley,7.93,823.3,36.8,185.8,4.19
Cotton,7.17,488.3,32.9,216.4,3.62
Maize,6.97,1437.1,21.6,141.8,7.21
Wheat,7.19,1220.2,34.4,168.7,5.46
Maize,8.03,621.9,24.9,103.5,5.47
Soybean,7.05,1009.0,34.1,179.2,4.06
Barley,7.03,1165.7,33.9,247.2,5.3
Maize,8.47,1429.5,19.3,59.8,5.81
Rice,7.65,1358.0,31.1,227.3,6.6
Soybean,6.55,918.2,21.7,162.5,4.03
Soybean,7.48,1229.6,21.8,100.4,4.32
Maize,6.36,974.6,21.8,241.0,7.24
Maize,5.8,963.2,31.7,146.7,6.58
Barley,7.09,437.7,20.3,116.3,3.96
Wheat,8.25,451.4,15.0,86.3,3.25
Maize,8.25,935.4,31.5,98.9,5.88
Maize,6.2,622.6,18.9,216.6,6.68
Cotton,6.85,325.2,17.4,172.9,3.17
Rice,5.74,1167.4,20.5,232.6,6.21
Cotton,8.48,339.0,23.7,96.4,2.44
Cotton,8.43,1014.3,25.9,74.2,2.83
Soybean,7.27,947.0,16.0,51.2,2.73
Wheat,7.82,1462.6,37.3,151.6,5.21
Rice,7.5,881.1,31.5,249.7,6.73
Barley,7.08,376.3,22.4,189.0,4.29
Barley,5.19,962.0,22.3,111.7,4.1
Maize,6.59,1309.3,25.3,225.4,7.94
Maize,7.36,1496.2,29.4,206.3,7.48
Barley,7.37,816.4,18.4,53.1,3.34
Maize,6.31,684.4,19.3,213.4,6.85
Wheat,8.3,1388.0,34.8,110.1,4.49
Cotton,5.59,529.5,20.9,79.9,2.48
Maize,6.75,1038.5,23.7,95.3,6.5
Soybean,7.42,786.9,35.0,143.7,3.77
Maize,7.44,349.3,30.3,135.0,5.97
Rice,7.27,716.7,22.9,107.8,5.01
Wheat,5.96,618.3,30.7,84.4,4.22
Rice,5.55,1123.3,15.5,202.4,6.28
Rice,7.23,1438.5,31.9,248.0,7.1
Soybean,7.1,621.7,26.2,205.6,4.58
Wheat,5.63,1273.8,33.7,109.2,4.96
Wheat,7.47,366.4,37.0,99.0,3.67
Wheat,6.59,945.7,36.3,93.5,4.63
Wheat,7.34,384.7,35.9,77.3,3.59
Wheat,7.93,1420.8,26.8,160.3,5.76
Soybean,5.59,1219.6,23.3,171.1,4.51
Maize,5.07,1089.5,25.7,191.1,7.01
Rice,7.73,1288.7,30.9,186.0,6.39
Wheat,7.13,1077.0,35.3,108.5,4.66
Maize,7.45,1462.7,19.8,116.1,6.69
Maize,7.93,1156.7,36.1,186.3,6.5
Rice,7.81,1409.6,33.7,119.9,5.64
Soybean,8.36,920.6,37.5,92.5,2.77
Barley,6.88,440.5,35.2,124.9,3.72
Barley,6.71,933.8,21.4,104.4,4.32
Maize,6.41,452.2,17.4,67.7,5.49
Cotton,5.54,1011.0,17.6,216.0,4.14
Cotton,7.0,879.0,21.7,220.6,4.35
Rice,5.97,1047.1,29.1,94.0,5.31
Barley,8.22,312.1,33.5,63.0,2.67
Maize,7.04,533.8,35.7,197.8,6.29
Soybean,7.07,889.6,29.3,92.3,3.42
Barley,6.24,1440.6,15.1,128.7,4.88
Maize,5.18,760.3,19.3,62.8,5.38
Maize,5.11,809.2,17.3,95.3,5.98
Wheat,6.48,1157.6,23.4,208.6,6.12
Soybean,5.3,1024.6,26.5,210.9,4.55
Wheat,7.12,658.7,16.0,91.4,3.97
Rice,8.08,793.0,23.0,117.2,5.06
Wheat,8.09,561.2,19.1,76.8,3.81
Wheat,7.31,1459.2,29.9,64.8,5.1
Barley,5.74,456.8,25.7,248.4,5.71
Cotton,8.02,746.2,26.4,181.1,3.33
Maize,8.1,331.0,24.8,158.4,5.92
Soybean,5.69,566.1,37.0,203.1,3.68
Wheat,7.58,1236.6,19.9,218.0,5.82
Soybean,6.0,541.4,26.9,211.3,4.77
Cotton,7.81,396.1,31.9,53.3,2.17
Cotton,8.49,869.3,27.8,87.4,2.44
Wheat,5.11,312.0,36.4,181.0,4.32
Rice,8.14,401.7,23.7,125.2,4.41
Wheat,7.18,1269.2,25.7,246.5,5.98
Barley,8.41,1225.8,17.0,183.1,4.43
Maize,6.63,1398.2,29.0,241.3,8.25
Rice,7.97,1325.4,21.6,90.3,5.51
Wheat,5.22,1119.8,18.7,222.8,5.91
Soybean,6.17,362.8,27.5,114.3,3.59
Rice,5.23,1239.4,27.2,247.9,6.83
Rice,8.41,1314.6,16.7,81.5,5.17
Wheat,7.86,1258.9,31.1,153.3,5.11
Rice,7.98,910.2,29.3,208.6,6.1
Soybean,8.28,579.5,19.3,136.5,3.22
Cotton,5.3,1314.4,25.8,143.6,3.78
Rice,6.35,1172.6,31.6,247.3,7.09
Cotton,5.25,1476.9,27.2,135.1,4.44
Soybean,5.74,486.8,24.1,170.8,4.18
Wheat,5.8,570.8,22.4,60.9,3.93
Maize,6.64,554.2,29.0,218.4,7.56
Rice,5.94,1251.0,36.6,179.6,6.27
Maize,5.35,524.3,30.5,130.8,5.97
Soybean,5.59,380.0,16.7,53.2,2.46
Rice,5.52,1498.3,25.6,168.3,6.77
Cotton,8.41,329.8,35.5,52.5,1.54
Barley,7.66,1302.3,17.2,50.2,3.8
Maize,8.39,738.4,37.7,173.2,5.76
Rice,6.54,1309.9,36.8,87.8,5.85
Maize,5.97,965.5,16.8,88.4,6.17
Rice,7.79,1382.0,36.5,180.7,5.96
Wheat,6.14,1411.4,23.4,60.7,4.82
Cotton,6.05,310.9,34.4,112.7,2.62
Maize,5.81,390.5,24.6,79.9,5.54
Barley,5.45,600.4,25.1,166.0,4.37
Barley,5.9,1103.2,29.6,182.4,5.12
Soybean,6.24,1365.9,32.8,194.2,4.76
Rice,7.36,851.9,15.8,101.0,4.68
Maize,5.22,1028.4,28.6,67.8,5.99
Soybean,5.74,526.2,19.3,65.7,2.92
Maize,7.83,1266.0,23.0,135.2,6.66
Rice,5.51,1460.8,23.0,239.2,7.13
Barley,6.2,622.3,25.8,93.5,4.11
Wheat,8.03,893.8,22.7,101.3,4.49
Barley,5.54,403.3,17.5,70.2,3.42
Soybean,5.29,971.0,18.3,171.1,3.92
Cotton,6.7,903.3,15.8,186.0,4.18
Wheat,6.06,473.3,25.8,178.6,5.23
Soybean,6.97,830.5,37.0,222.2,4.2
Rice,7.81,700.9,17.7,147.3,5.31
Wheat,5.48,926.2,36.8,76.9,4.07
Soybean,7.03,1002.8,31.9,107.9,4.07
Rice,6.77,310.2,29.7,182.5,5.76
Barley,5.5,1213.2,29.8,172.6,4.94
Cotton,7.18,1155.6,34.0,156.2,4.04
Rice,5.96,739.5,17.5,186.6,5.69
Maize,6.71,363.5,26.6,177.5,6.24
Rice,5.29,1205.9,31.0,226.3,6.66
Rice,6.61,1446.2,28.5,167.2,6.89
Cotton,6.07,588.2,34.2,205.7,3.91
Maize,7.88,688.2,16.7,99.7,5.29
Soybean,5.2,520.6,30.9,185.6,3.69
Soybean,6.47,992.3,27.3,230.4,5.19
Rice,6.6,485.8,23.7,127.1,5.73
Maize,7.54,727.4,22.8,205.8,6.93
Maize,7.01,1136.4,29.3,195.0,7.37
Cotton,7.34,972.1,35.5,61.9,2.7
Barley,7.72,763.8,26.4,166.3,4.36
Soybean,8.02,804.3,34.0,76.0,3.06
Cotton,6.1,974.5,24.2,243.5,4.83
Wheat,6.88,307.0,17.4,212.3,5.38
Soybean,7.94,394.2,16.4,71.9,2.51
Cotton,8.46,1357.5,16.2,74.4,2.8
Soybean,8.11,393.5,23.7,168.9,3.58
Barley,6.3,1148.2,22.8,119.0,4.72
Wheat,5.68,1404.0,31.5,57.0,5.01
Barley,6.71,624.8,32.1,158.3,4.49
Wheat,7.6,744.6,16.2,127.6,4.3
Rice,6.72,982.7,20.1,70.2,5.33
Cotton,6.69,1358.1,21.3,210.4,4.72
Wheat,7.93,1430.3,27.6,233.0,6.04
Barley,6.26,1187.5,18.3,201.3,5.36
Soybean,8.01,403.9,18.1,214.5,3.6
Wheat,6.42,1103.0,36.7,93.3,4.75
Cotton,6.15,792.4,33.5,102.7,3.2
Wheat,6.59,864.8,19.2,91.7,4.74
Maize,7.67,359.0,24.4,203.0,6.32
Soybean,5.44,529.3,23.2,239.6,4.23
Cotton,5.69,1248.6,33.2,193.4,4.13
Cotton,8.33,844.8,26.7,226.3,3.74
Rice,5.61,662.0,17.9,177.7,5.36
Barley,6.99,760.8,32.0,127.5,4.13
Rice,7.03,1325.3,24.1,135.2,6.35
Cotton,6.71,1198.8,21.0,65.1,3.62
Soybean,7.26,626.8,23.6,56.3,3.23
Wheat,5.8,441.0,26.4,189.1,5.33
Wheat,6.93,602.4,22.9,137.7,4.86
Soybean,6.3,1404.9,20.6,160.4,4.87
Cotton,7.32,997.9,24.2,161.5,4.2
Wheat,5.49,940.2,15.4,105.5,4.52
Wheat,7.0,1015.7,32.8,145.2,5.33
Wheat,5.65,739.2,18.9,144.2,4.65
Barley,5.98,1268.5,16.0,127.7,4.58
Barley,5.77,927.9,30.0,214.1,5.23
Maize,5.64,440.1,32.8,140.2,5.76
Rice,7.89,454.9,33.7,170.7,4.61
Soybean,6.0,944.2,26.4,229.1,5.14
Soybean,8.24,1423.9,19.7,223.2,4.89
Soybean,8.39,670.0,32.0,228.1,3.95
Maize,7.0,1343.4,31.1,104.0,6.6
Barley,5.5,1216.9,20.7,57.0,3.94
Cotton,6.31,597.4,35.8,102.2,2.44
Cotton,7.79,343.6,17.4,105.7,2.18
Maize,6.29,422.2,37.6,231.9,6.39
Cotton,5.3,1174.2,34.8,179.8,3.56
Soybean,6.95,539.6,30.8,66.3,2.92
Rice,7.96,745.5,36.6,77.1,4.19
Wheat,7.79,902.0,31.6,81.1,4.06
Barley,5.61,1170.6,19.4,176.1,5.02
Barley,7.35,435.9,25.2,197.1,4.53
Maize,5.77,787.6,16.6,221.9,6.58
Barley,5.76,882.1,24.0,238.1,5.54
Soybean,8.06,949.0,32.1,90.3,3.27
Cotton,5.87,1282.0,23.9,112.0,3.35
Soybean,5.92,506.0,22.6,98.1,3.59
Maize,5.0,1269.4,28.7,121.8,6.52
Soybean,8.05,1131.5,35.1,232.9,4.58
Cotton,7.77,967.0,16.1,165.0,3.24
Rice,7.2,1139.4,23.9,197.6,6.86
Maize,7.63,794.4,18.6,148.0,6.08
Rice,5.53,466.1,31.0,55.8,3.95
Wheat,6.6,1098.9,17.4,62.8,4.45
Rice,6.23,929.6,30.3,157.6,6.17
Wheat,5.33,1067.2,21.6,193.8,5.46
Wheat,6.7,705.6,19.6,93.1,4.52
Rice,8.22,1388.2,36.5,194.4,5.73
Maize,5.14,1004.8,15.4,212.1,6.63
Cotton,6.02,402.5,25.1,132.4,3.22
Soybean,5.73,839.8,15.5,199.3,4.09
Soybean,5.83,1207.6,26.1,130.8,4.59
Cotton,8.18,1253.0,26.5,185.7,4.08
Wheat,6.64,893.5,22.4,202.8,5.73
Wheat,6.63,1373.7,18.0,248.4,6.21
Maize,7.66,621.2,23.7,119.1,6.26
Barley,5.54,792.7,30.5,132.2,4.64
Rice,6.71,1378.3,33.0,83.1,6.16
Wheat,6.5,1375.5,27.2,90.8,5.68
Soybean,7.09,1122.9,28.6,188.7,4.43
Maize,8.5,1330.8,19.6,233.4,6.72
Rice,7.69,406.5,21.6,128.9,4.83
Maize,6.39,1338.0,18.7,86.0,6.61
Rice,7.9,684.7,20.7,107.0,4.9
Rice,5.6,514.0,20.2,141.0,5.23
Cotton,5.11,587.2,26.9,108.1,2.57
Wheat,5.72,801.6,27.9,96.7,4.99
Maize,6.19,601.4,36.7,197.2,6.82
Maize,6.79,684.7,19.5,51.6,5.4
Cotton,7.15,462.0,29.8,157.8,2.9
Soybean,8.19,655.4,33.8,208.8,3.74
Soybean,6.78,986.7,27.9,103.2,4.36
Wheat,6.75,830.2,20.9,170.7,5.33
Wheat,5.18,716.1,21.0,183.8,4.96
Barley,5.12,1195.7,15.9,181.0,4.5
Cotton,6.93,1372.2,22.0,139.2,4.14
Soybean,6.53,1208.1,32.1,119.3,4.53
Rice,7.94,698.4,16.1,217.2,5.65
Maize,5.56,1193.3,20.0,201.7,7.25
Wheat,5.09,482.4,31.2,114.3,3.74
Maize,6.57,456.4,33.0,70.6,6.07
Maize,5.83,714.8,25.5,64.4,5.61
Barley,5.17,1269.2,31.1,68.9,4.07
Soybean,7.54,595.6,23.9,166.6,3.88
Wheat,5.39,375.9,18.7,60.3,3.53
Maize,7.13,458.1,24.2,117.4,6.23
Wheat,5.98,1330.5,28.3,200.6,5.97
Rice,5.61,1060.5,36.8,108.9,5.15
Barley,6.33,603.8,16.6,202.7,4.46
Rice,7.81,966.4,26.7,199.1,6.43
Wheat,6.37,933.1,22.6,99.2,5.06
Wheat,7.63,1086.5,26.7,195.8,5.79
Soybean,5.44,579.8,15.6,199.6,3.89
Maize,7.7,1337.3,22.2,129.5,7.1
Maize,5.83,671.2,33.9,92.1,6.11
Rice,7.37,1133.0,27.7,154.3,6.2
Barley,6.98,319.3,25.4,234.3,5.0
Cotton,8.25,747.2,21.6,177.9,3.14
Maize,6.36,722.1,21.9,84.6,6.28
Soybean,5.23,952.2,23.8,186.6,4.47
Rice,5.07,387.3,34.2,135.4,4.54
Rice,7.89,1248.2,37.2,168.3,5.82
Cotton,6.84,561.3,25.1,196.8,4.16
Soybean,7.71,1112.4,24.0,153.0,4.03
Barley,5.82,1263.9,34.5,212.8,5.31
Soybean,6.21,974.3,24.8,194.4,4.84
Barley,5.11,1189.1,27.7,173.0,4.93
Soybean,8.37,1094.2,20.3,80.2,3.01
Soybean,7.34,726.6,32.1,217.2,3.96
Wheat,8.27,1270.6,27.2,237.2,5.75
Rice,5.93,653.6,33.6,77.4,4.68
Soybean,7.14,985.5,33.0,147.6,4.13
Cotton,7.37,1194.5,19.9,101.8,3.43
Soybean,6.11,754.7,31.5,200.9,4.5
Maize,7.97,663.3,33.4,194.3,5.98
Rice,8.32,851.2,23.0,78.2,4.57
Maize,8.1,1281.6,19.0,225.4,6.97
Rice,7.59,1415.9,15.1,86.2,5.33
Maize,5.97,954.1,25.4,209.5,7.32
Soybean,5.99,1093.8,23.1,141.4,4.44
Soybean,8.37,1383.9,27.8,115.7,4.17
Wheat,5.04,418.3,19.3,81.6,3.45
Cotton,7.51,578.5,34.8,83.5,2.21
Maize,7.47,1150.7,20.9,182.4,6.99
Barley,7.18,1288.5,20.2,160.1,4.99
Wheat,8.47,1328.4,26.1,74.4,4.78
Maize,6.09,798.1,26.5,72.5,6.19
Maize,6.19,407.2,19.9,64.5,5.84
Wheat,5.28,825.3,21.3,198.8,4.87
Soybean,6.55,576.9,18.9,192.4,4.41
Maize,5.91,649.4,31.5,61.7,5.67
Soybean,6.2,1226.7,32.7,162.1,4.29
Wheat,7.92,390.6,25.6,66.9,3.43
Soybean,8.27,1293.1,31.4,230.7,4.43
Rice,5.65,813.2,31.9,231.4,6.47
Barley,6.3,1015.3,18.2,189.6,5.28
Maize,8.25,407.6,37.2,235.2,6.0
Cotton,5.22,704.8,33.9,212.3,3.42
Barley,5.32,407.6,19.7,215.7,4.18
Soybean,5.57,1453.9,19.3,163.9,4.52
Maize,7.08,1268.7,17.9,111.2,6.42
Soybean,5.53,851.6,18.2,93.6,3.66
Rice,8.39,568.3,32.2,115.4,4.38
Wheat,6.56,1420.1,25.8,175.7,6.37
Maize,6.76,713.5,33.0,84.5,6.29
Rice,5.86,493.2,32.2,101.7,5.1
Rice,6.65,975.8,28.9,143.6,5.9
Maize,7.32,1432.5,30.8,96.6,6.33
Soybean,7.63,304.6,15.4,167.7,3.22
Cotton,7.64,585.7,22.2,234.6,3.85
Rice,7.02,1426.1,29.7,199.6,7.08
Barley,8.17,505.3,15.2,183.3,3.88
Rice,7.86,435.9,15.8,166.5,4.81
Cotton,7.65,984.2,34.6,147.6,3.16
Soybean,5.19,1334.2,30.7,87.3,3.51
Soybean,5.02,872.5,21.1,228.9,4.39
Barley,5.74,1493.5,30.8,99.7,4.47
Rice,7.32,1115.0,33.2,68.3,5.35
Soybean,6.44,388.9,22.1,200.0,4.39
Cotton,6.41,1491.4,15.8,85.1,3.74
Maize,8.1,789.5,36.5,124.4,5.36
Wheat,8.13,644.9,22.9,55.7,3.75
Wheat,8.18,969.5,17.4,77.4,3.91
Wheat,6.1,665.2,26.3,84.6,4.69
Rice,7.42,403.7,32.7,60.9,4.5
Barley,5.95,301.7,20.1,181.3,4.13
Soybean,5.67,839.5,21.2,217.4,4.41
Maize,5.65,1304.2,20.6,124.7,6.83
Cotton,6.2,986.8,37.8,224.9,3.85
Maize,6.5,1499.0,19.5,92.7,6.77
Cotton,7.91,644.2,28.2,115.1,2.89
Rice,5.42,636.5,36.3,80.1,4.71
Wheat,7.57,491.7,18.4,174.1,4.38
Rice,6.86,496.9,37.3,134.0,5.42
Barley,6.01,642.2,36.8,172.7,4.02
Barley,6.72,1251.4,35.3,202.3,5.62
Cotton,6.05,1386.9,19.9,159.1,4.42
Soybean,7.09,1470.1,29.6,175.5,4.67
Soybean,6.52,578.7,32.5,237.1,4.32
Cotton,5.58,1357.6,37.7,109.8,3.43
Barley,5.41,693.9,19.1,121.8,3.81
Barley,6.91,435.4,32.6,193.5,4.29
Barley,8.16,1344.0,22.8,172.3,5.26
Rice,6.2,1063.3,19.0,85.7,5.24
Barley,7.57,497.7,24.7,125.2,3.86
Maize,7.31,815.8,33.3,143.6,6.16
Wheat,8.26,644.7,25.7,133.9,3.94
Barley,7.87,1184.2,27.4,85.7,4.27
Cotton,6.98,844.1,37.9,234.9,3.75
Wheat,7.3,1487.1,24.2,202.5,6.36
Rice,8.14,365.7,29.2,146.3,5.11
Cotton,6.4,726.0,23.4,186.0,4.09
Wheat,6.14,878.3,24.0,229.5,6.02
Cotton,5.04,903.8,31.0,77.2,2.72
Rice,7.89,679.1,36.6,100.1,4.45
Maize,7.8,1175.1,27.5,158.5,6.73
Rice,5.37,1349.7,32.7,209.8,6.71
Rice,7.02,1426.5,17.1,57.3,5.58
Cotton,6.62,1266.1,19.9,246.8,4.93
Soybean,5.42,1320.7,26.5,141.0,4.61
Barley,8.43,960.7,15.5,121.8,3.62
Barley,5.75,1291.1,20.8,108.5,4.64
Maize,5.24,664.2,26.9,84.9,5.91
Maize,7.08,778.2,15.3,208.3,6.26
Barley,7.59,680.3,21.1,241.1,5.11
Soybean,5.11,860.9,26.8,132.7,3.99
Barley,7.31,642.7,28.2,240.5,4.98
Soybean,6.86,1453.9,36.3,214.8,5.26
Maize,5.36,675.4,29.8,146.2,5.75
Wheat,5.6,417.7,24.5,184.8,5.04
Cotton,6.99,932.2,36.4,137.0,3.32
Maize,6.04,368.5,33.1,161.7,6.06
Maize,8.28,432.7,19.6,61.6,4.9
Rice,7.87,563.3,18.0,189.3,5.45
Rice,8.44,857.2,30.5,60.6,4.18
Rice,5.91,819.9,27.9,213.4,6.6
Cotton,8.39,1259.6,33.2,215.0,3.78
Rice,6.51,1187.4,32.0,97.4,6.07
Soybean,6.22,811.6,29.4,114.7,4.08
Barley,5.18,700.4,37.7,146.3,3.67
Wheat,5.18,679.8,27.3,169.3,4.93
Maize,7.42,1228.8,17.6,107.5,6.3
Soybean,6.6,362.5,34.1,168.5,4.09
Wheat,5.79,315.4,20.8,109.6,3.92
Soybean,7.15,1254.7,32.9,61.1,3.55
Soybean,5.89,872.6,37.0,50.5,2.66
Maize,7.02,457.1,31.0,70.2,5.58
Barley,6.26,582.7,28.7,208.5,4.89
Rice,7.88,1419.0,25.6,242.3,6.88
Cotton,7.87,1331.4,23.4,135.4,4.03
Barley,6.67,1151.7,23.1,152.5,5.0
Cotton,6.23,878.7,29.6,79.4,3.19
Maize,6.27,924.4,32.3,160.2,6.71
Maize,7.82,1470.3,30.6,78.9,6.26
Maize,6.15,1458.9,19.6,172.2,7.93
Wheat,5.73,558.3,26.4,236.7,5.28
Cotton,5.3,1273.3,33.2,89.1,3.27
Barley,6.63,536.7,25.9,202.9,5.59
Barley,6.69,556.2,27.3,54.7,4.07
Soybean,7.94,1111.3,32.7,125.1,3.71
Soybean,5.77,786.0,30.2,72.1,3.13
Soybean,6.33,1417.9,24.4,120.5,5.0
Maize,7.83,406.8,35.6,84.7,5.26
Barley,7.88,913.8,18.7,124.7,3.69
Cotton,6.35,1402.2,37.9,133.5,3.75
Maize,6.61,1384.9,17.7,110.1,6.57
Wheat,6.06,487.8,15.3,181.3,4.16
Soybean,8.26,740.0,35.5,233.8,3.69
Maize,5.42,1042.9,20.6,130.1,6.4
Maize,8.27,491.3,31.8,88.5,5.32
Wheat,7.39,1461.6,33.7,104.1,4.99
Rice,6.86,1397.7,34.8,220.8,7.06
Barley,5.11,500.3,37.8,164.3,3.88
Cotton,6.66,445.4,21.8,141.0,3.27
Rice,6.43,402.5,31.3,79.9,4.9
Soybean,5.56,1391.3,17.7,139.9,4.3
Maize,7.3,532.3,24.4,105.7,5.97
Wheat,8.4,799.5,34.5,238.6,4.74
Wheat,6.97,838.6,23.5,226.8,5.78
Barley,7.5,1018.8,28.6,66.8,4.16
Rice,5.24,386.1,26.6,153.3,5.54
Barley,6.46,572.1,29.9,95.0,4.32
Maize,5.41,1417.8,37.4,132.2,6.54
Barley,7.14,1390.1,16.3,225.4,5.74
Cotton,8.28,1237.5,28.2,155.5,3.74
Wheat,7.32,323.3,34.8,116.8,3.97
Wheat,5.27,692.4,26.1,91.6,4.72
Soybean,6.24,1053.6,16.8,210.1,4.81
Soybean,6.93,630.2,27.9,174.9,4.52
Maize,6.41,1391.5,22.6,143.6,7.1
Cotton,7.92,1060.7,18.6,93.5,2.7
Rice,7.85,386.3,34.5,116.8,4.39
Barley,7.14,1390.8,27.0,242.0,6.06
Maize,6.31,1449.3,36.5,154.0,7.45
Soybean,5.89,393.3,33.5,130.1,3.09
Barley,5.37,938.8,30.9,154.3,4.66
Soybean,6.24,664.0,15.1,205.8,3.92
Barley,6.45,771.4,24.8,118.0,5.06
Rice,7.37,515.6,19.5,85.7,4.41
Maize,7.3,993.7,35.9,167.0,6.66
Barley,5.25,1449.6,19.0,183.0,5.24
Cotton,6.38,903.7,21.6,192.5,4.3
Wheat,5.64,399.5,26.9,226.4,5.15
Cotton,5.55,1044.0,21.1,124.2,3.2
Cotton,7.9,708.3,19.8,65.1,2.62
Wheat,5.15,1327.1,28.8,241.7,6.29
Cotton,6.47,821.6,17.0,137.0,3.66
Barley,5.59,531.4,16.3,174.7,4.31
Barley,8.08,529.3,23.6,183.3,3.94
Barley,6.95,1222.5,31.6,159.3,4.73
Wheat,5.81,618.7,27.8,91.1,4.35
Cotton,6.76,1220.7,24.7,201.0,4.57
Wheat,7.56,547.1,28.0,210.8,5.09
Barley,8.35,686.0,23.4,160.6,4.16
Cotton,5.77,858.6,36.5,147.7,3.45
Cotton,8.1,1431.8,16.3,72.8,2.83
Soybean,8.27,1418.1,30.5,66.8,3.36
Soybean,8.21,548.2,35.5,117.9,3.0
Rice,7.22,729.9,33.5,112.2,5.11
Maize,7.2,479.3,19.2,240.7,6.81
Soybean,6.41,912.0,21.8,206.7,4.75
Wheat,7.63,852.7,31.5,182.0,5.15
Soybean,6.86,1380.9,16.9,153.5,4.31
Rice,7.37,1416.0,33.7,83.5,5.7
Cotton,6.5,760.3,31.5,245.7,4.44
Rice,7.56,890.1,31.8,125.0,5.22
Cotton,7.89,1375.5,17.3,71.4,3.06
Cotton,5.51,1268.0,31.5,148.8,3.63
Maize,7.92,304.4,30.6,224.8,6.16
Soybean,6.89,684.1,34.1,227.5,4.2
Wheat,7.96,806.1,16.0,52.2,3.3
Wheat,6.51,575.7,15.5,227.3,5.47
Barley,6.33,539.5,23.6,104.3,4.42
Cotton,8.2,345.3,18.4,57.8,1.66
Wheat,5.88,1072.0,27.8,219.6,5.83
Maize,7.95,615.0,36.1,222.8,5.95
Cotton,6.69,362.8,24.0,169.2,3.1
Maize,6.8,577.2,34.4,164.9,6.5
Wheat,6.08,1262.3,15.0,212.6,5.35
Wheat,7.01,1321.8,18.9,207.3,5.69
Barley,6.14,879.7,15.7,228.0,5.1
Wheat,5.14,799.3,22.5,160.5,4.88
Cotton,5.95,1473.4,35.9,243.5,4.77
Cotton,5.02,540.7,17.2,249.2,3.51
Cotton,8.42,558.4,28.9,73.3,2.16
Barley,8.38,650.2,25.4,219.9,4.4
Barley,6.38,507.3,36.6,150.0,4.0
Wheat,7.55,755.2,17.8,127.5,4.39
Rice,6.21,1393.0,19.9,172.6,6.17
Rice,7.35,1038.4,15.7,61.2,4.72
Barley,7.82,794.3,25.0,151.3,4.35
Wheat,8.31,1421.3,21.4,224.2,5.62
Rice,6.4,358.2,35.0,92.7,4.74
Wheat,7.74,552.3,28.9,135.3,4.63
Wheat,5.93,979.1,29.1,237.9,6.16
Wheat,8.47,1038.7,27.2,135.7,5.08
Soybean,5.09,347.5,17.1,121.7,2.51
Cotton,7.11,783.6,25.2,138.1,3.52
Wheat,7.31,1079.0,38.0,153.9,5.13
Soybean,7.41,1137.7,34.2,176.4,3.93
Barley,5.42,1065.8,35.5,210.1,4.6
Rice,8.28,684.7,33.9,140.4,4.77
Cotton,5.63,412.2,17.4,213.5,3.75
Rice,7.18,812.5,20.2,156.7,5.51
Cotton,5.78,454.5,15.1,117.7,2.78
Rice,6.08,1437.1,22.0,181.6,6.71
Cotton,6.91,870.2,17.5,193.5,3.6
Rice,6.46,680.7,25.9,161.6,6.71
Rice,5.56,1219.6,30.6,61.3,5.34
Rice,5.6,897.5,35.1,84.0,5.03
Rice,6.46,672.0,32.2,107.1,5.51
Barley,7.65,1274.4,36.6,106.5,4.23
Wheat,8.14,1340.6,16.2,184.7,5.6
Maize,5.29,1107.6,15.3,53.7,5.88
Soybean,6.38,356.4,30.2,201.1,4.02
Maize,5.35,979.6,21.7,103.1,6.53
Maize,5.06,1216.0,20.8,112.0,6.14
Cotton,7.32,463.8,22.6,155.6,3.28
Wheat,7.11,574.4,21.2,93.2,4.05
Cotton,5.57,1359.0,26.8,226.9,4.97
Wheat,5.82,324.1,25.1,67.1,3.98
Wheat,5.08,1203.3,26.8,138.9,4.98
Rice,7.92,868.5,30.5,219.9,6.27
Barley,8.41,836.1,23.9,173.2,4.64
Rice,5.47,308.5,20.8,108.5,5.0
Barley,5.81,1283.3,18.8,134.2,4.42
Cotton,8.04,731.8,23.0,191.3,3.81
Barley,8.24,948.9,32.1,244.7,4.85
Cotton,6.47,1112.8,32.4,228.6,5.02
Maize,5.18,1143.2,30.3,118.5,6.47
Maize,5.14,1447.2,20.4,249.6,7.67
Barley,7.01,937.6,28.5,50.7,4.02
Barley,6.38,779.7,28.1,55.5,4.06
Cotton,5.1,1444.4,26.1,214.8,4.46
Rice,7.04,1070.5,27.6,89.9,5.48
Cotton,5.04,657.8,26.3,62.2,2.48
Rice,7.76,451.8,28.0,97.4,5.07
Maize,6.07,1311.1,31.5,135.2,6.67
Wheat,5.14,734.6,17.5,196.1,5.1
Barley,7.06,1092.6,32.2,174.9,4.98
Rice,6.39,865.0,18.1,97.5,5.56
Cotton,8.41,538.7,16.5,150.7,2.67
Maize,6.9,1022.0,37.4,235.2,7.36
Rice,5.96,372.8,37.0,213.0,5.52
Cotton,7.48,796.0,16.4,114.6,2.85
Barley,5.95,955.9,25.2,246.5,5.85
Barley,8.16,823.3,19.3,191.7,4.15
Soybean,6.31,1198.4,26.2,62.5,3.88
Wheat,6.92,1293.5,34.1,57.0,4.58
Soybean,5.18,1225.5,36.9,83.7,3.38
Maize,6.49,346.6,29.6,195.6,7.11
Rice,7.91,533.0,23.1,86.7,4.73
Maize,7.82,943.9,28.9,152.3,6.89
Cotton,5.79,1421.8,22.2,68.7,3.6
Barley,5.79,1301.9,35.9,234.2,5.3
Soybean,7.86,1311.0,35.0,118.8,4.0
Soybean,8.26,663.8,27.8,231.6,4.17
Soybean,5.33,815.3,22.5,239.0,4.63
Maize,6.58,864.8,21.7,51.2,5.76
Barley,6.18,488.8,15.8,142.8,3.69
Rice,8.05,337.3,33.8,54.9,4.08
Cotton,5.29,1436.3,25.4,231.7,5.0
Rice,5.74,588.9,22.5,153.7,5.93
Maize,7.63,587.9,25.8,65.0,5.48
Cotton,5.18,400.1,33.8,72.1,2.35
Soybean,6.72,1414.2,17.9,126.7,4.69
Wheat,6.55,995.7,34.7,238.0,5.85
Maize,6.17,1100.4,35.6,188.6,7.27
Maize,6.38,1393.9,36.8,223.5,7.78
Barley,6.85,714.7,24.1,123.3,4.69
Rice,5.56,1045.8,20.0,58.6,5.47
Maize,7.0,346.6,23.6,244.9,7.2
Maize,7.82,524.1,22.7,53.4,4.83
Soybean,7.66,1297.5,19.1,239.5,4.97
Soybean,5.54,1220.1,29.0,123.7,3.86
Cotton,5.52,720.8,26.0,52.0,2.77
Wheat,5.94,752.2,34.9,187.8,5.1
Barley,6.26,940.3,15.7,246.1,5.18
Wheat,6.43,300.3,29.8,243.1,5.32
Cotton,7.38,589.5,32.5,82.2,2.46
Soybean,5.2,549.9,32.5,86.2,2.83
Rice,5.12,600.6,35.4,163.1,5.06
Soybean,6.37,1267.1,31.8,177.5,4.87
Barley,7.44,635.6,36.3,197.9,4.44
Soybean,5.68,529.8,22.7,86.2,3.16
Barley,7.25,905.1,26.6,241.8,5.77
Barley,5.91,1338.8,15.3,177.7,4.98
Barley,8.1,589.6,15.2,219.4,4.35
Cotton,8.13,394.2,20.5,158.0,2.67
Barley,6.04,727.7,17.3,132.9,4.72
Barley,5.8,1197.2,21.0,245.4,5.73
Rice,6.44,960.8,19.1,166.4,6.45
Wheat,5.84,1280.2,15.7,223.4,5.65
Maize,7.35,1451.5,35.9,240.7,7.45
Wheat,7.89,1251.2,15.2,185.1,5.08
Barley,7.36,1024.6,31.9,159.8,5.16
Rice,7.89,892.0,18.5,50.7,4.53
Soybean,6.39,348.1,36.0,58.0,2.6
Rice,5.55,1481.2,35.5,90.2,5.8
Barley,7.58,760.2,30.0,87.2,3.83
Rice,6.26,482.7,30.5,101.0,5.13
Rice,7.35,1100.1,15.1,111.0,5.18
Barley,5.95,641.1,37.7,122.0,3.91
Cotton,5.28,1002.9,35.2,134.1,3.34
Rice,8.47,1004.1,35.6,69.8,4.65
Maize,5.55,834.9,30.2,58.5,5.62
Maize,8.46,1303.3,22.9,184.8,6.65
Rice,8.42,618.0,35.6,157.5,4.03
Cotton,7.78,838.4,21.7,138.8,3.03
Soybean,7.31,945.2,27.9,176.9,4.37
Barley,7.02,1096.3,17.3,215.5,5.16
Maize,8.03,1240.8,36.2,135.5,6.15
Soybean,6.01,773.8,18.2,178.2,4.68
Rice,6.64,1075.3,20.2,240.7,6.95
Soybean,7.17,480.7,27.8,217.9,4.12
Wheat,6.44,1419.2,32.6,135.2,5.78
Maize,6.5,759.7,29.2,178.9,7.11
Rice,6.16,1175.4,20.3,85.4,5.43
Barley,6.97,324.4,15.0,162.1,3.94
Cotton,7.98,546.2,32.4,246.3,3.71
Rice,5.71,884.5,37.7,153.7,5.62
Barley,8.27,1353.9,33.6,235.5,4.79
Cotton,7.41,932.7,25.6,131.5,3.73
Cotton,7.88,1415.8,35.8,249.8,4.65
Rice,6.95,880.6,24.4,165.8,6.53
Soybean,7.73,888.5,27.1,58.5,3.07
Soybean,5.06,443.7,26.0,167.4,3.67
Cotton,7.86,1263.2,25.3,104.9,3.51
Soybean,5.14,596.4,32.8,56.5,2.8
Wheat,8.11,1379.5,27.1,214.2,5.86
Cotton,8.47,1393.0,22.3,105.1,3.12
Cotton,6.03,1432.0,20.9,209.3,4.71
Barley,5.74,924.3,15.9,107.6,3.91
Soybean,7.68,1112.5,28.4,88.9,3.84
Cotton,5.89,1234.2,20.3,244.8,4.5
Wheat,8.03,457.2,18.4,122.3,3.74
Barley,5.36,1021.1,30.0,170.3,4.99
Rice,5.44,341.2,30.7,172.0,5.71
Cotton,8.43,897.1,32.3,162.1,3.47
Wheat,7.36,485.8,26.6,232.9,5.46
Maize,7.96,519.5,35.6,184.9,6.15
Wheat,6.14,738.1,36.5,130.7,4.47
Wheat,7.37,818.9,33.6,222.5,5.47
Barley,7.08,1047.8,29.6,86.2,4.21
Rice,7.11,389.3,22.0,158.8,5.67
Maize,7.39,904.4,37.6,240.1,7.11
Soybean,7.01,519.2,21.3,175.1,4.39
Soybean,6.5,988.8,19.7,213.4,4.83
Wheat,5.97,1064.9,25.2,180.7,6.07
Barley,7.69,968.1,16.3,217.9,4.85
Barley,5.79,1186.0,37.5,238.9,5.25
Soybean,7.42,702.7,28.5,104.6,3.61
Maize,5.82,1218.1,27.8,83.9,6.87
Rice,7.19,819.3,30.1,146.8,5.69
Maize,7.61,881.0,26.4,190.4,6.92
Cotton,5.77,1077.7,15.7,95.4,2.62
Cotton,5.21,322.0,29.1,50.8,2.03
Rice,5.46,1084.8,31.5,118.6,5.6
Soybean,7.12,1042.3,24.6,243.8,5.02
Rice,7.97,671.8,32.4,189.0,5.27
Barley,5.16,403.0,20.2,130.3,3.25
Cotton,7.57,409.1,20.1,88.5,2.28
Wheat,6.19,1407.9,18.7,121.2,5.68
Wheat,6.67,1127.1,23.6,84.0,4.81
Soybean,8.25,452.5,34.5,71.3,2.56
Barley,6.16,728.1,34.0,231.3,5.22
Maize,6.63,1011.0,23.8,249.5,8.34
Barley,5.05,1302.7,28.5,82.8,4.46
Wheat,5.29,352.4,31.6,60.9,3.77
Wheat,5.91,584.0,20.5,115.9,4.57
Cotton,5.1,1367.7,18.9,142.3,3.59
Barley,7.21,311.0,37.4,91.0,3.36
Barley,6.49,541.7,29.2,110.3,4.51
Wheat,6.92,1450.8,37.6,90.2,4.96
Maize,5.61,1036.1,22.8,204.9,7.42
Soybean,6.04,614.0,31.2,192.5,4.79
Soybean,7.32,380.4,20.1,177.0,3.69
Barley,8.38,333.8,21.0,127.4,3.37
Soybean,5.18,593.7,26.8,231.8,4.36
Wheat,8.12,1357.8,22.4,243.9,6.01
Wheat,7.02,799.1,18.9,84.7,4.66
Barley,6.97,1164.4,21.0,94.6,4.5
Barley,6.75,1401.9,15.8,155.1,5.07
Cotton,5.24,789.6,31.2,68.3,2.52
Barley,5.31,529.5,26.3,137.3,4.24
Maize,7.1,920.5,17.2,166.4,6.47
Soybean,6.19,1389.7,18.9,154.4,4.4
Barley,8.21,1265.2,17.4,116.2,4.17
Rice,6.42,379.0,29.1,158.5,6.06
Cotton,5.5,1131.1,17.2,241.8,4.17
Rice,7.5,986.3,32.3,91.2,4.99
Wheat,6.03,1389.0,15.5,181.0,6.0
Soybean,6.84,447.0,20.7,58.7,3.03
Barley,7.44,940.8,35.5,63.3,3.78
Rice,8.15,1355.4,31.5,160.4,5.76
Soybean,7.77,792.0,16.7,71.0,2.89
Wheat,7.37,878.4,33.9,54.5,4.35
Maize,7.38,384.6,26.3,84.3,5.72
Cotton,8.31,633.8,34.5,163.0,2.82
Soybean,6.04,689.4,28.8,190.7,4.09
Soybean,5.0,1434.1,30.7,90.5,3.98
Maize,5.95,639.2,37.9,183.7,6.14
Soybean,5.76,853.0,20.3,86.5,3.69
Wheat,7.32,1105.6,29.4,172.7,5.53
Wheat,7.22,494.6,25.6,132.4,4.8
Maize,7.08,883.7,15.9,180.8,6.75
Cotton,5.06,1186.2,15.3,249.0,4.14
Barley,7.55,1340.2,17.7,237.6,5.75
Rice,6.13,1051.5,29.9,50.9,5.63
Barley,7.33,1102.9,28.0,227.1,5.24
Soybean,6.95,451.5,27.7,63.3,3.16
Rice,6.2,1434.9,15.7,240.6,7.09
Maize,5.47,459.1,25.8,106.4,5.7
Maize,5.33,1229.6,36.3,126.4,5.95
Cotton,7.91,617.8,24.1,68.3,2.36
Rice,8.21,1420.3,29.4,72.5,5.32
Wheat,7.27,1164.0,32.9,195.3,4.76
Rice,5.36,1204.6,33.0,238.9,6.29
Soybean,6.41,562.9,26.9,172.1,4.0
Wheat,7.55,831.6,34.7,193.2,5.25
Maize,7.73,1041.4,24.0,202.4,7.26
Rice,5.41,1224.0,35.4,102.6,5.39
Barley,5.0,424.8,20.5,59.0,3.04
Cotton,7.49,1454.8,21.4,50.4,3.34
Barley,6.25,1368.3,16.2,120.1,4.54
Cotton,5.89,624.4,33.3,98.3,3.05
Soybean,5.05,1287.3,24.6,62.5,3.65
Barley,6.89,922.0,20.3,85.9,4.35
Rice,7.98,854.2,20.3,74.9,4.95
Rice,8.35,677.3,35.7,233.0,5.62
Barley,6.98,997.2,34.2,78.1,4.08
Rice,6.8,1175.9,27.7,157.5,6.48
Soybean,5.3,793.1,29.2,168.6,3.99
Wheat,6.92,1055.1,25.9,158.7,5.75
Soybean,6.33,1139.2,24.0,69.8,4.07
Cotton,7.12,1153.3,36.1,113.8,3.21
Soybean,6.36,362.4,17.9,60.3,3.01
Cotton,5.84,1331.7,24.6,129.1,4.09
Rice,5.33,849.9,22.9,87.7,5.37
Wheat,6.1,614.9,26.5,162.3,4.87
Rice,5.34,590.1,25.5,188.6,5.82
Maize,5.62,879.6,26.9,156.4,6.59
Rice,8.46,1364.2,18.2,136.8,5.38
Cotton,6.55,754.0,26.8,127.5,3.82
Rice,6.86,1199.7,20.6,218.3,6.44
Rice,8.06,416.2,19.2,93.9,4.43
Wheat,8.48,871.3,16.5,196.8,4.68
Rice,7.04,1490.0,32.5,201.5,6.55
Wheat,7.84,1224.5,24.8,133.8,5.23
Barley,6.14,552.6,29.4,109.5,3.96
Maize,6.07,901.7,31.7,144.1,7.04
Wheat,6.41,580.3,30.6,68.6,4.6
Cotton,7.35,791.5,25.8,59.2,2.93
Barley,7.39,1236.1,23.9,72.3,4.27
Wheat,6.1,1225.5,23.6,87.4,5.25
Wheat,5.47,573.7,29.7,150.8,4.83
Maize,7.21,1406.7,26.4,219.8,7.91
Cotton,5.45,1011.1,34.5,97.1,2.74
Soybean,7.02,755.9,35.1,237.0,4.44
Soybean,7.43,902.3,18.9,241.0,4.62
Wheat,7.45,1026.1,18.1,241.8,5.74
Rice,7.64,971.9,29.5,217.5,6.34
Cotton,8.06,883.7,21.9,122.8,3.19
Barley,6.75,905.9,15.4,64.5,4.06
Rice,7.56,511.7,35.4,163.8,5.33
Rice,7.17,1275.3,20.2,161.7,6.33
Cotton,5.65,950.1,36.4,220.0,3.6
Wheat,5.09,457.3,31.5,249.2,5.35
Wheat,6.0,1219.4,32.5,151.6,5.57
Wheat,6.55,1418.9,19.6,119.0,5.48
Wheat,7.16,1436.8,20.4,87.2,5.1
Soybean,7.97,742.8,27.0,51.0,3.02
Wheat,5.69,462.6,19.0,151.8,4.41
Soybean,5.44,922.1,22.0,161.1,3.74
Soybean,8.37,435.1,22.4,215.0,3.5
Wheat,5.38,1420.8,18.7,150.9,5.13
Maize,6.67,520.3,19.7,233.3,6.61
Barley,7.05,603.3,33.1,175.6,4.21
Rice,6.89,788.0,18.8,218.1,6.45
Soybean,5.3,759.8,15.7,79.7,3.0
Cotton,5.2,1253.6,29.5,221.1,4.13
Cotton,5.37,847.6,37.4,185.0,3.17
Barley,7.05,504.9,22.6,84.0,4.03
Cotton,6.91,620.7,17.7,88.0,2.99
Maize,5.82,910.9,28.1,235.3,7.43
Cotton,7.23,476.9,35.8,56.4,2.38
Rice,7.87,1034.0,33.0,142.5,5.32
Rice,5.15,978.9,29.3,112.7,5.42
Soybean,6.74,1157.6,22.2,183.0,4.54
Wheat,7.41,1425.2,27.5,217.9,6.16
Maize,5.88,1394.7,17.1,122.1,6.69
Soybean,6.08,1435.3,30.6,135.4,4.28
Maize,7.15,593.7,31.7,246.4,7.14
Wheat,8.14,457.9,37.2,206.8,4.55
Cotton,7.83,662.7,21.0,229.4,3.92
Cotton,7.04,1374.1,15.4,137.8,4.2
Wheat,7.56,1466.5,27.5,96.8,5.32
Soybean,6.28,1331.2,31.3,132.4,4.53
Wheat,7.24,432.0,33.2,193.2,4.5
Barley,6.63,1436.9,19.5,71.9,4.71
Rice,5.66,808.0,21.0,104.1,5.37
Soybean,7.46,311.2,26.8,59.3,2.59
Maize,6.95,830.9,22.6,136.5,6.53
Barley,6.26,355.3,34.8,215.5,4.54
Soybean,8.19,952.7,25.9,54.9,3.32
Wheat,5.07,706.3,33.4,185.1,4.92
Wheat,6.11,868.1,28.4,236.5,5.88
Wheat,5.2,1035.8,32.8,97.4,4.5
Wheat,7.68,1342.6,22.7,188.7,5.83
Maize,7.46,1094.3,34.1,245.0,7.23
Barley,6.16,820.9,21.3,242.5,5.31
Cotton,7.36,1283.3,27.6,97.0,3.78
Rice,6.39,1386.7,19.9,70.1,5.76
Maize,7.65,443.7,25.9,79.7,5.38
Maize,6.59,938.3,22.3,190.4,7.52
Cotton,6.44,641.4,21.1,195.2,3.72
Cotton,8.27,356.5,37.2,184.8,2.55
Rice,5.88,1102.3,18.7,117.2,5.69
Rice,5.42,1335.3,33.1,84.0,5.51
Cotton,7.05,495.5,37.6,166.2,3.06
Wheat,8.39,1274.9,15.5,146.7,4.08
Maize,6.32,1324.1,31.1,195.8,7.42
Soybean,5.22,1397.2,20.8,138.3,4.29
Rice,6.19,618.3,15.9,117.7,5.11
Rice,6.77,1384.7,24.3,108.7,6.36
Cotton,5.57,684.8,36.5,92.3,2.73
Barley,7.3,962.8,15.3,103.1,4.03
Soybean,8.49,360.6,28.5,69.0,2.34
Soybean,6.58,352.7,26.5,119.4,3.64
Rice,6.24,1164.4,35.1,57.3,5.59
Wheat,6.4,833.4,16.9,87.3,4.5
Barley,5.4,607.6,30.7,199.4,4.51
Soybean,8.09,528.5,30.6,115.1,3.18
Rice,6.45,1103.9,30.4,183.6,6.78
Soybean,6.36,300.5,36.7,193.4,3.58
Barley,7.31,1267.1,33.9,166.2,4.78
Barley,6.55,395.1,16.0,241.7,4.49
Maize,7.27,529.8,25.8,54.3,5.59
Cotton,5.22,763.5,24.2,197.7,3.85
Cotton,7.85,881.8,22.1,241.8,4.01
Rice,8.29,726.0,25.4,222.5,6.31
Barley,7.27,684.9,23.8,83.6,3.96
Maize,8.34,1456.7,24.9,115.4,6.57
Maize,5.53,1069.9,37.5,84.5,5.71
Soybean,6.67,328.1,17.0,170.3,3.4
Soybean,7.11,816.2,36.2,192.4,4.08
Maize,7.04,1350.0,26.0,113.4,7.11
Soybean,6.41,661.7,29.3,157.9,4.2
Barley,6.18,413.5,34.1,188.2,4.43
Wheat,5.44,1210.1,23.3,134.3,5.09
Barley,6.37,1027.2,24.9,220.8,5.44
Maize,5.57,984.4,24.4,204.3,7.15
Maize,7.57,364.3,23.6,62.9,5.36
Barley,5.73,468.6,36.3,174.2,4.01
Soybean,5.2,1047.1,34.1,97.1,3.44
Soybean,6.93,549.4,17.5,161.5,3.9
Cotton,7.08,904.9,17.5,241.4,4.33
Maize,8.05,953.9,24.8,225.8,7.25
Rice,7.02,640.2,17.3,130.9,5.44
Cotton,6.21,1438.1,29.2,108.3,4.13
Soybean,7.81,1311.0,18.3,96.9,3.75
Barley,6.89,1166.8,27.0,156.5,5.6
Soybean,5.28,393.6,15.2,72.8,2.6
Barley,6.98,427.4,22.3,159.9,4.16
Cotton,8.18,891.3,30.6,50.3,2.02
Maize,6.39,492.9,26.1,114.8,6.31
Soybean,6.04,1473.9,37.5,94.0,4.09
Barley,5.5,490.2,35.1,244.2,4.78
Maize,5.53,885.0,23.3,195.4,6.67
Rice,6.51,736.9,16.0,119.9,5.54
Barley,7.08,1067.3,34.4,68.6,4.19
Cotton,5.28,454.8,36.0,153.4,2.82
Rice,8.29,816.4,33.9,92.7,4.73
Rice,7.64,629.6,17.9,157.3,5.2
Wheat,7.05,1365.3,38.0,217.1,5.69
Soybean,7.9,348.7,20.9,173.2,3.58
Barley,5.28,1396.5,31.7,176.8,5.16
Rice,6.67,1299.6,35.9,158.2,6.14
Wheat,7.21,657.1,20.4,235.5,5.99
Cotton,7.9,1247.1,35.9,236.4,3.78
Maize,7.74,337.5,22.1,152.5,5.82
Barley,5.97,1460.2,37.5,111.2,4.41
Rice,8.29,931.9,21.5,141.9,5.4
Soybean,5.44,663.9,36.9,87.3,2.5
Wheat,8.06,735.1,16.2,177.3,4.79
Rice,8.4,379.7,31.3,150.0,4.96
Soybean,5.62,1487.2,27.2,70.7,4.19
Rice,7.53,347.2,26.0,89.5,4.79
Barley,5.14,1085.9,20.1,145.9,4.56
Barley,6.42,831.3,31.2,227.5,5.42
Barley,6.81,1438.7,19.4,163.3,5.48
Cotton,7.03,595.2,27.7,186.3,3.76
Cotton,8.28,938.5,20.8,117.8,2.88
Wheat,7.35,878.8,37.0,164.3,5.02
Barley,6.68,1143.4,15.7,139.5,4.8
Soybean,7.83,381.6,19.6,181.8,3.45
Rice,8.33,532.5,20.6,60.1,4.28
Maize,5.08,557.5,24.5,148.7,6.14
Soybean,8.44,1185.8,20.4,109.2,3.59
Cotton,5.3,527.0,26.3,115.2,3.21
Cotton,7.85,988.2,35.1,242.2,3.86
Soybean,5.98,558.3,31.4,86.5,3.15
Cotton,5.46,1333.9,28.3,112.2,3.75
Barley,6.54,1430.6,17.0,152.0,5.08
Wheat,7.25,922.2,31.0,222.6,5.47
Rice,6.33,722.8,18.8,133.3,5.76
Wheat,5.19,580.9,33.1,198.8,4.74
Rice,7.1,359.7,20.8,221.3,5.45
Rice,8.16,622.2,24.6,112.0,5.15
Wheat,6.34,1085.1,23.1,128.6,5.32
Soybean,5.76,940.3,34.8,121.3,3.79
Rice,6.55,1432.8,17.9,216.6,7.16
Wheat,5.17,775.5,28.0,58.9,4.15
Rice,7.87,1132.6,18.3,111.7,4.88
Maize,7.89,887.2,31.2,185.9,6.16
Soybean,7.06,915.1,35.8,163.1,3.87
Barley,6.24,621.3,25.0,137.3,4.55
Rice,7.8,845.9,26.2,158.0,6.02
Maize,6.94,864.9,36.3,89.5,5.95
Barley,7.89,1148.0,27.0,136.1,5.16
Barley,7.21,1428.8,26.2,150.3,5.04
Rice,7.75,695.2,28.3,230.2,6.15
Wheat,7.09,350.6,30.9,102.2,4.1
Rice,6.45,895.6,17.5,223.6,6.48
Maize,8.35,953.4,33.9,178.8,6.6
Barley,6.89,502.1,25.0,54.1,4.09
Rice,7.12,1212.6,16.7,194.9,6.27
Wheat,5.77,1481.9,33.1,57.1,4.97
Rice,7.19,1434.9,23.7,249.5,7.28
Soybean,7.0,536.5,17.3,224.5,3.98
Wheat,5.65,1350.4,29.6,109.5,5.21
Maize,5.21,1145.4,35.2,101.5,5.88
Barley,7.12,844.6,35.4,126.3,4.13
Rice,7.67,948.7,37.0,121.2,4.93
Wheat,6.83,1319.5,35.0,124.5,5.27
Soybean,5.79,876.2,15.0,113.7,3.52
Wheat,7.33,747.8,23.7,174.2,5.34
Cotton,5.28,891.9,33.8,82.9,2.74
Soybean,6.55,995.0,23.4,219.2,5.43
Maize,5.57,526.9,28.8,212.5,7.15
Barley,5.65,1381.1,28.9,145.3,4.97
Maize,5.71,1109.0,23.4,220.5,7.62
Rice,6.35,1059.9,35.8,99.4,5.93
Wheat,5.18,419.4,26.6,53.5,3.99
Cotton,6.39,1025.0,25.7,173.8,4.5
Soybean,6.79,445.2,37.9,141.6,3.0
Soybean,6.69,394.4,26.4,163.4,4.0
Wheat,6.34,932.8,19.1,229.9,5.78
Cotton,7.94,783.3,26.8,244.0,4.4
Wheat,5.51,1006.6,33.7,176.9,4.99
Rice,6.77,407.1,32.9,202.8,5.76
Maize,5.22,817.2,33.1,66.8,5.65
Soybean,5.25,509.7,31.3,82.1,2.75
Rice,7.01,1484.5,20.8,196.6,6.85
Maize,6.98,973.4,34.8,136.3,6.46
Rice,8.07,1124.9,35.5,139.2,5.51
Cotton,6.95,690.5,19.5,111.7,3.21
Soybean,8.36,413.7,18.0,171.5,3.27
Wheat,5.17,1471.0,37.4,87.0,4.6
Wheat,5.34,643.5,35.0,175.4,4.3
Maize,5.15,808.6,35.5,84.8,5.5
Barley,5.65,1079.8,35.4,62.8,3.78
Cotton,6.89,329.6,27.5,116.1,3.18
Maize,7.26,1272.3,29.9,96.2,6.46
Barley,5.16,943.9,27.5,227.8,5.16
Rice,8.31,633.9,16.2,61.0,4.12
Cotton,7.95,373.9,32.1,85.3,2.03
Rice,6.04,495.0,26.6,159.7,5.53
Soybean,5.27,1374.0,29.9,146.2,4.43
Cotton,5.59,1123.2,26.6,59.2,3.41
Barley,5.44,599.9,26.3,51.5,3.45
Soybean,5.43,378.7,19.0,247.6,4.04
Wheat,6.81,1128.7,21.4,181.8,5.89
Barley,5.86,986.9,18.7,123.1,4.53
Maize,6.25,785.4,19.5,144.1,6.56
Wheat,8.46,736.3,37.4,103.3,3.79
Wheat,7.4,560.2,18.5,119.0,4.39
Maize,8.32,1103.5,21.2,179.8,6.72
Cotton,5.5,1464.8,28.6,226.6,4.53
Wheat,6.34,510.9,29.0,86.8,4.87
Barley,6.94,1016.5,18.5,218.1,5.27
Soybean,5.27,809.0,33.3,74.3,3.19
Wheat,5.01,836.0,33.1,93.0,3.98
Barley,7.35,605.0,20.5,57.4,3.41
Rice,7.25,1290.2,21.6,78.2,5.67
Barley,6.44,882.3,36.6,233.5,4.84
Soybean,6.71,952.1,34.0,141.9,3.92
Barley,6.45,665.7,31.0,65.5,3.77
Maize,5.08,518.2,16.9,241.9,6.18
Soybean,6.17,403.1,24.6,225.8,4.53
Cotton,5.62,1156.9,27.9,200.9,4.3
Rice,5.34,535.5,19.3,236.7,6.12
Maize,8.35,1128.1,25.3,94.0,5.88
Cotton,7.1,768.5,28.8,217.3,4.17
Barley,7.55,798.9,22.5,188.0,4.53
Soybean,6.1,863.0,33.0,224.0,4.3
Rice,6.38,741.3,34.3,209.4,6.27
Maize,5.83,420.7,22.4,119.3,6.06
Cotton,5.34,671.6,34.3,204.9,3.54
Cotton,5.63,1096.5,17.4,102.5,2.87
Rice,7.79,1098.9,34.3,115.7,5.31
Barley,7.37,643.5,18.5,71.6,3.61
Rice,6.91,852.1,16.9,237.0,6.52
Cotton,6.66,532.1,29.8,108.2,3.27
Wheat,8.23,552.4,25.9,154.1,4.78
Maize,5.25,327.7,35.9,128.3,5.58
Rice,5.98,1376.1,23.4,242.0,7.19
Cotton,6.22,552.8,21.6,117.0,3.26
Barley,7.74,573.0,26.5,205.7,4.9
Cotton,8.47,635.5,25.5,221.1,3.67
Barley,5.84,452.9,22.9,137.1,4.37
Rice,8.06,1067.1,31.0,125.6,5.58
Barley,7.91,390.2,32.5,199.5,3.97
Soybean,5.79,461.0,34.6,232.6,3.84
Soybean,6.4,1073.7,37.4,201.0,4.58
Soybean,6.43,707.6,21.1,95.4,3.46
Wheat,8.42,1149.5,31.5,227.7,5.44
Rice,5.63,968.9,24.1,127.5,5.74
Cotton,7.8,607.2,30.6,165.2,3.44
Cotton,6.17,1081.0,25.9,216.3,4.78
Wheat,7.56,439.5,37.9,87.7,3.82
Barley,6.47,943.7,31.8,206.9,5.2
Wheat,7.02,824.6,36.9,169.2,5.23
Barley,7.91,621.4,34.2,228.7,4.65
Barley,7.81,1024.8,35.8,84.4,3.77
Maize,8.03,1345.6,33.7,134.1,6.06
Cotton,5.21,1498.7,25.6,216.6,4.93
Soybean,7.42,1029.3,20.8,53.8,3.69
Barley,5.49,785.6,23.5,72.4,3.84
Maize,6.46,570.2,15.5,248.1,7.02
Cotton,6.92,608.5,27.1,106.1,3.13
Soybean,6.41,875.3,26.6,245.1,4.94
Barley,6.82,740.7,27.1,86.5,4.14
Barley,8.49,1396.6,37.4,122.2,4.34
Wheat,5.47,742.0,36.0,200.6,5.15
Wheat,7.36,748.1,18.7,181.6,4.84
Cotton,6.39,760.2,23.5,166.2,3.8
Soybean,5.47,1303.9,24.8,156.0,5.0
Barley,5.56,1080.9,23.3,218.7,5.11
Cotton,8.32,1037.0,33.4,97.0,2.57
Cotton,8.08,701.0,27.1,138.5,3.04
Rice,8.17,1281.5,28.2,81.1,5.08
Wheat,8.47,346.0,34.6,169.2,3.87
Soybean,5.73,1345.0,33.5,100.1,3.86
Barley,6.24,915.3,18.0,116.8,4.17
Cotton,7.34,777.9,31.4,144.3,3.59
Barley,6.69,896.6,25.0,55.4,3.98
Rice,6.46,1100.9,21.8,68.4,5.59
Soybean,6.25,315.3,16.2,187.2,3.55
Cotton,7.08,1345.9,26.2,135.8,4.15
Barley,7.01,836.1,23.2,223.0,5.09
Wheat,5.57,711.6,20.8,188.9,5.1
Rice,6.65,465.9,31.0,51.6,4.83
Soybean,6.94,827.4,32.7,173.3,4.48
Rice,7.0,895.6,20.6,68.7,5.06
Wheat,5.74,784.4,16.1,206.2,5.46
Soybean,7.6,1114.4,34.5,248.3,4.57
Rice,5.09,805.1,15.2,156.2,5.1
Maize,6.24,1453.7,36.6,186.6,7.67
Wheat,7.73,1019.1,29.4,97.5,5.22
Wheat,6.97,1269.0,22.4,137.5,5.84
Wheat,5.91,431.2,20.7,221.2,5.16
Maize,7.43,776.7,15.2,83.5,5.64
Maize,6.99,704.2,20.4,103.1,6.19
Barley,7.79,983.4,18.2,139.1,4.26
Cotton,7.57,1333.3,29.1,192.4,4.09
Rice,7.14,394.0,18.8,125.2,5.03
Barley,6.71,387.1,27.2,235.5,5.03
Rice,5.47,1320.4,28.6,68.9,5.34
Cotton,5.91,555.4,21.9,124.2,3.05
Maize,6.47,1102.5,15.8,191.8,7.18
Cotton,7.1,951.5,15.9,95.2,3.17
Maize,6.8,1299.5,15.6,181.3,7.06
Cotton,6.01,450.1,32.0,82.8,2.6
Barley,5.02,455.7,22.3,61.2,3.33
Soybean,6.74,968.2,33.3,74.2,3.62
Barley,6.0,1435.7,24.9,236.0,6.15
Rice,7.57,798.0,25.4,160.4,5.84
Barley,5.08,692.3,26.8,209.3,4.8
Wheat,7.05,1028.0,31.4,116.5,4.76
Rice,8.3,1416.5,21.3,168.5,6.04
Cotton,5.61,1304.3,17.8,149.0,4.02
Rice,6.65,1494.6,27.8,239.1,7.49
Soybean,5.32,327.1,22.5,199.5,3.61
Maize,7.19,435.4,25.2,196.1,6.98
Cotton,6.93,1031.4,29.9,59.3,3.29
Rice,6.43,1284.7,26.4,159.9,6.87
Cotton,6.82,642.3,29.3,143.4,3.64
Cotton,8.14,587.1,27.5,235.6,3.52
Cotton,5.69,1244.4,32.0,101.5,3.56
Maize,5.08,367.7,31.2,104.0,5.65
Barley,8.02,743.3,27.3,132.3,4.03
Cotton,7.02,907.0,30.6,98.7,2.87
Wheat,8.12,972.4,35.1,75.8,4.05
Soybean,7.09,1174.3,24.9,221.5,5.16
Maize,7.84,725.8,24.5,161.7,6.1
Rice,6.5,1035.2,32.6,222.3,6.8
Maize,7.62,1002.5,28.4,216.2,7.27
Rice,8.2,957.1,16.6,106.4,4.57
Maize,7.0,1068.6,35.5,159.5,7.05
Rice,5.63,611.3,15.7,66.6,4.63
Cotton,5.94,401.6,32.2,233.1,3.35
Barley,5.7,443.1,32.5,130.9,4.01
Rice,5.86,569.5,36.9,128.7,5.16
Rice,6.07,900.2,16.2,110.6,5.61
Wheat,6.94,1308.5,28.7,142.1,5.51
Rice,7.06,1141.6,24.8,100.4,6.03
Wheat,6.49,1246.8,22.6,125.0,5.53
Soybean,7.15,721.2,17.1,210.0,4.08
Cotton,5.29,785.6,27.9,216.9,3.76
Wheat,5.31,772.4,26.0,110.8,4.3
Barley,5.6,530.2,17.4,143.8,4.0
Cotton,6.81,373.5,29.1,224.8,3.84
Wheat,5.75,1009.1,32.0,60.5,3.85
Cotton,5.99,1487.1,32.6,227.8,4.79
Cotton,6.4,500.2,35.8,93.8,2.95
Cotton,7.84,356.0,24.4,185.7,2.96
Soybean,5.05,1235.4,36.9,166.5,3.8
Barley,7.27,603.1,34.9,160.6,4.22
Maize,7.34,1295.6,21.8,221.9,7.01
Maize,7.8,1144.7,18.7,70.3,5.72
Wheat,8.26,1434.8,25.0,119.4,5.2
Cotton,5.07,790.7,24.2,157.7,3.28
Wheat,5.54,1094.4,28.2,212.3,5.54
Soybean,8.1,857.8,28.4,93.3,3.09
Soybean,6.6,1056.7,32.2,210.6,4.56
Rice,6.98,839.5,26.7,129.9,5.73
Soybean,7.32,526.4,17.4,87.8,3.18
Rice,7.38,909.5,34.7,201.8,6.41
Barley,8.26,934.3,22.1,68.2,3.59
Wheat,8.49,1272.7,37.3,153.0,4.79
Barley,7.52,1182.6,17.7,62.8,3.67
Soybean,6.01,1096.5,37.0,121.3,3.4
Barley,8.08,436.1,17.1,170.2,4.09
Barley,5.17,1164.7,20.3,161.2,4.52
Barley,5.81,900.4,16.1,130.9,4.32
Soybean,8.14,1372.9,31.2,135.8,4.07
Cotton,5.9,1403.8,34.6,95.4,3.7
Barley,5.77,366.2,25.0,141.2,4.34
Rice,5.48,1284.8,36.4,240.7,6.54
Soybean,8.01,345.2,28.6,220.1,3.95
Barley,6.75,740.6,29.5,79.0,4.34
Cotton,7.36,950.8,34.4,56.0,2.55
Soybean,5.84,477.7,21.8,236.7,4.71
Maize,7.65,1195.6,23.1,155.3,6.69
Cotton,7.66,310.0,35.8,157.6,2.63
Rice,6.09,502.3,35.7,206.1,5.83
Barley,6.44,997.0,37.5,112.9,3.98
Maize,5.73,1157.3,35.7,146.4,6.81
Maize,8.42,1400.0,17.9,243.7,7.27
Soybean,7.26,1146.6,33.9,184.4,5.08
Maize,8.27,1106.1,24.4,80.7,6.38
Rice,6.06,773.2,37.8,76.6,4.82
Rice,7.74,301.5,25.9,90.9,5.08
Wheat,7.68,444.2,27.7,203.3,5.18
Rice,7.42,941.5,27.2,109.1,5.63
Cotton,8.38,1110.2,22.4,54.3,2.28
Maize,6.38,800.9,16.7,238.8,6.91
Rice,5.46,1176.8,35.6,83.9,5.15
Soybean,7.35,926.2,33.5,51.9,3.03
Wheat,7.55,389.0,18.2,97.4,3.9
Maize,7.01,530.4,32.9,97.0,6.03
Wheat,5.72,1308.0,29.4,134.4,5.58
Maize,6.77,1169.9,24.4,234.1,7.72
Soybean,6.09,1373.7,20.8,225.8,5.44
Wheat,6.5,441.1,34.8,141.4,4.45
Barley,7.26,1488.3,31.1,132.2,4.76
Cotton,7.61,551.3,27.6,161.0,3.39
Cotton,5.81,314.1,29.0,98.7,2.51
Maize,6.42,1496.9,17.1,60.4,6.37
Barley,5.94,637.3,25.9,237.8,5.51
Wheat,5.7,1101.6,19.5,87.3,4.78
Barley,7.74,512.0,19.8,89.7,3.35
Barley,8.18,996.3,30.2,144.5,3.94
Wheat,6.3,1384.8,36.0,148.3,5.34
Soybean,7.63,684.2,24.3,53.7,3.46
Barley,8.14,1104.3,19.8,79.6,3.97
Barley,7.96,525.5,29.9,125.6,4.03
Soybean,5.64,1049.8,35.0,186.7,4.3
Barley,8.35,703.7,32.2,95.7,3.35
Barley,6.32,553.4,35.0,134.6,4.29
Barley,6.19,675.8,27.3,161.5,5.03
Cotton,5.22,514.6,32.3,227.7,3.41
Rice,6.7,1382.3,18.2,115.2,5.89
Soybean,5.38,776.6,23.0,76.7,2.99
Barley,5.87,594.3,24.0,147.9,4.28
Cotton,6.11,838.1,26.8,199.3,4.37
Soybean,7.83,684.6,36.4,72.0,2.59
Maize,8.06,1193.3,35.1,134.9,6.38
Maize,6.06,1465.5,18.1,53.6,6.72
Barley,8.01,825.6,19.0,56.7,3.33
Cotton,8.0,1333.2,23.2,146.6,3.76
Cotton,7.68,979.0,21.7,109.6,3.28
Soybean,5.51,488.7,29.1,219.0,4.07
Soybean,7.42,1128.7,35.8,170.4,4.01
Cotton,8.31,916.1,37.1,140.8,2.64
Soybean,7.39,1080.7,30.0,131.6,3.85
Cotton,6.16,1367.6,34.3,149.4,4.19
Rice,6.75,828.5,27.1,58.1,5.24
Cotton,7.26,1381.4,19.8,228.6,4.82
Maize,6.79,1200.8,27.1,249.7,8.14
Soybean,5.42,886.3,27.8,86.3,3.55
Cotton,6.09,1023.9,32.1,74.1,3.31
Cotton,7.81,690.7,20.1,78.7,2.31
Soybean,8.01,1480.3,23.5,182.2,4.55
Rice,5.48,1100.8,23.4,182.3,6.36
Rice,8.33,352.6,37.1,219.6,4.58
Soybean,6.15,691.9,25.2,200.4,4.62
Wheat,7.32,1048.0,32.4,139.9,5.14
Soybean,7.63,367.6,32.3,172.6,3.74
Soybean,7.84,328.7,21.1,187.7,3.85
Rice,8.31,840.0,28.2,152.5,5.4
Rice,6.1,699.2,35.6,145.1,5.57
Soybean,8.0,826.0,25.9,179.0,3.99
Soybean,5.46,615.2,36.7,161.5,3.37
Soybean,7.47,497.7,19.9,178.8,4.01
Rice,7.6,1127.0,16.7,172.6,5.8
Soybean,7.37,917.5,35.5,193.8,4.18
Soybean,5.88,540.2,34.5,178.6,3.59
Barley,8.06,683.5,37.8,153.9,3.79
Wheat,5.59,1010.2,30.6,186.4,5.56
Maize,5.19,386.7,36.5,139.9,5.6
Wheat,7.51,476.9,34.0,98.3,3.72
Barley,6.66,387.9,34.4,50.3,3.5
Maize,7.97,1274.8,28.1,162.0,6.68
Soybean,6.34,1202.9,23.8,168.1,4.87
Barley,5.59,1204.0,36.5,244.4,4.95
Soybean,7.93,1159.6,24.9,122.3,3.98
Rice,6.92,1103.3,27.4,128.8,5.9
Cotton,5.66,872.4,25.3,90.4,3.13
Barley,7.52,1070.7,28.0,64.1,4.09
Rice,6.79,346.0,25.8,204.6,6.22
Barley,7.12,1045.8,16.1,99.9,4.26
Barley,6.61,1233.5,35.3,171.8,4.63
Rice,7.9,900.4,25.2,187.6,6.14
Maize,7.9,729.0,28.5,144.2,6.24
Wheat,7.48,632.9,18.2,225.3,5.04
Soybean,5.37,1071.4,15.1,138.8,3.51
Barley,7.94,1131.4,20.6,107.0,4.13
Soybean,7.35,1345.2,31.2,229.2,5.13
Cotton,7.44,710.8,17.3,222.3,3.75
Rice,6.27,1223.7,35.9,82.8,5.46
Soybean,8.08,973.6,19.9,55.2,2.48
Rice,7.54,1359.4,19.7,68.0,5.27
Soybean,5.39,933.4,19.2,107.3,3.27
Wheat,6.43,921.2,15.3,244.5,6.22
Wheat,8.1,993.5,32.8,161.7,4.82
Wheat,5.17,1199.2,35.1,124.7,4.85
Wheat,8.36,1457.6,29.1,227.7,6.0
Wheat,7.38,388.3,19.3,140.6,4.39
Wheat,7.21,364.1,21.6,113.0,4.18
Rice,5.95,1425.1,25.9,238.2,7.2
Barley,5.87,935.9,36.9,219.9,4.49
Soybean,8.3,1037.9,20.7,218.7,4.33
Wheat,6.04,878.9,31.8,152.5,5.18
Rice,7.71,412.4,25.1,207.9,5.74
Rice,6.38,1221.7,21.9,85.9,5.88
Rice,5.49,1196.7,25.5,164.6,6.04
Barley,5.04,674.0,16.6,246.8,4.54
Soybean,6.9,667.5,33.4,108.2,3.37
Barley,8.42,1305.4,20.6,208.9,5.07
Maize,6.29,386.8,31.7,148.1,6.21
Rice,6.25,1357.3,16.6,58.0,5.32
Maize,6.2,608.0,37.0,202.6,6.53
Cotton,6.82,1011.6,19.4,83.7,3.02
Wheat,6.54,1423.2,35.3,176.3,5.79
Wheat,8.08,1113.7,33.6,67.1,4.25
Barley,6.77,797.3,37.3,239.4,4.78
Soybean,6.78,1127.4,26.0,108.3,4.37
Maize,5.48,712.8,31.7,95.3,5.63
Soybean,8.44,632.7,23.5,75.8,2.57
Barley,5.87,1496.0,19.2,239.2,6.19
Wheat,5.26,1200.9,25.2,192.4,5.95
Soybean,7.32,1073.7,18.8,198.3,4.35
Soybean,7.08,726.3,37.6,149.9,3.55
Wheat,6.45,359.0,17.2,144.9,4.16
Maize,6.48,337.3,28.6,72.0,5.46
Wheat,7.75,965.0,29.4,162.0,4.87
Soybean,5.68,1214.4,27.4,99.4,4.11
Maize,7.87,944.9,30.2,245.4,7.13
Maize,7.27,1308.9,17.7,209.3,7.33
Wheat,6.47,340.1,27.8,132.6,4.93
Soybean,6.6,740.1,21.6,80.3,3.68
Barley,5.9,584.5,36.6,207.1,4.25
Soybean,7.63,836.7,32.5,74.4,3.22
Rice,6.8,386.9,37.4,87.9,4.73
Cotton,6.12,1445.0,15.9,92.3,3.44
Barley,7.09,567.9,21.6,161.4,4.03
Maize,8.49,1406.8,19.5,207.4,7.18
Barley,6.52,811.1,15.3,112.9,4.19
Maize,8.22,1482.6,20.6,66.9,5.5
Maize,6.21,964.9,30.6,142.9,7.17
Barley,5.19,1417.0,20.3,199.6,5.11
Maize,5.71,306.4,26.7,94.3,6.2
Maize,6.47,1197.9,35.4,94.0,6.54
Rice,5.77,1383.7,31.0,239.4,6.92
Soybean,5.0,467.7,24.1,240.8,4.24
Soybean,8.2,415.4,23.6,248.1,3.96
Cotton,7.95,809.5,25.5,211.5,3.91
Cotton,7.6,1420.4,19.1,87.6,3.74
Rice,5.59,950.9,29.6,92.4,5.17
Cotton,5.42,932.9,23.4,118.0,3.42
Barley,5.24,469.4,34.6,113.6,3.3
Wheat,7.53,300.9,32.4,241.3,4.96
Wheat,8.25,1272.2,29.0,207.8,5.98
Wheat,6.51,405.1,23.4,194.8,5.43
Rice,5.42,1060.6,19.8,87.2,5.37
Rice,6.79,1397.5,32.9,231.9,7.01
Maize,6.22,550.4,26.2,215.6,7.69
Wheat,6.31,1098.3,20.2,82.7,4.7
Barley,7.17,394.4,19.5,224.2,4.28
Cotton,7.52,1024.5,18.8,104.4,3.43
Barley,5.39,496.7,32.9,66.2,3.16
Cotton,5.12,1183.1,20.3,181.4,3.88
Wheat,8.48,661.5,27.1,180.8,5.1
Wheat,5.81,856.1,25.4,69.0,4.69
Wheat,5.19,1019.3,28.3,113.8,5.23
Rice,5.66,505.5,35.2,248.6,5.93
Cotton,5.14,1190.0,35.0,185.7,3.54
Rice,6.37,663.2,25.4,196.0,5.88
Rice,7.81,1094.8,15.4,92.6,5.04
Soybean,6.19,489.9,24.8,65.8,2.89
Barley,6.55,1125.7,28.9,105.4,4.86
Barley,7.36,453.8,27.8,99.8,4.11
Maize,6.78,810.4,30.0,96.9,6.27
Rice,8.02,596.6,18.5,88.6,4.56
Cotton,8.03,1198.1,29.9,165.0,3.89
Soybean,5.03,614.4,19.2,115.6,3.25
Soybean,7.72,1358.1,32.3,214.1,5.0
Barley,6.61,1370.2,22.8,86.8,4.86
Rice,8.46,535.7,31.3,142.9,4.38
Maize,6.69,1036.6,16.1,52.7,6.12
Rice,8.45,405.3,24.4,146.3,4.87
Wheat,7.64,769.8,31.2,61.2,3.87
Rice,5.87,1156.0,20.2,245.5,6.85
Wheat,6.88,1091.3,33.3,208.1,5.78
Wheat,8.47,1049.6,29.5,148.0,4.62
Maize,8.0,639.0,28.5,67.3,5.19
Cotton,5.34,753.6,23.1,168.5,3.59
Barley,7.47,423.5,26.1,201.8,4.47
Rice,6.21,1162.8,28.7,88.1,5.84
Wheat,5.02,904.7,25.9,163.6,5.19
Rice,6.41,1150.5,31.1,212.8,6.96
Cotton,5.82,598.7,25.0,203.6,4.33
Barley,7.87,689.3,19.7,210.6,4.56
Cotton,6.18,701.1,19.9,225.9,3.99
Barley,7.9,330.9,15.1,237.5,4.46
Soybean,5.0,709.3,21.9,131.1,3.66
Barley,6.08,1264.0,32.2,163.8,5.13
Maize,5.84,1376.8,33.3,208.1,7.46
Cotton,5.82,921.9,19.7,189.4,3.85
Wheat,5.24,846.6,37.1,249.1,5.31
Soybean,5.65,337.0,26.6,52.7,2.87
Maize,6.94,1355.0,36.1,121.0,6.45
Rice,6.02,315.6,31.3,106.2,4.91
Cotton,6.46,1433.7,31.6,102.5,4.31
Wheat,6.32,887.1,17.0,94.5,4.46
Barley,8.07,710.3,20.1,191.8,4.27
Wheat,8.17,1409.1,15.2,67.0,4.06
Rice,6.73,329.3,31.5,198.3,5.98
Soybean,6.16,997.7,22.9,188.7,4.88
Soybean,5.37,958.7,33.1,100.2,3.2
Cotton,8.34,563.2,22.8,100.6,2.07
Soybean,5.21,814.7,33.8,175.8,3.99
Cotton,6.04,1082.7,18.0,202.4,3.85
Cotton,6.04,1172.6,19.0,225.3,4.61
Cotton,6.12,300.9,22.8,220.4,3.63
Barley,5.58,1424.2,24.4,243.0,6.06
Maize,7.74,497.4,23.0,166.3,6.27
Cotton,5.43,580.3,32.6,231.7,3.57
Cotton,7.22,616.2,17.2,211.7,3.41
Maize,5.43,345.4,23.1,228.9,6.72
Wheat,5.25,447.7,34.3,52.3,3.31
Cotton,8.18,1483.6,16.5,243.2,4.5
Barley,5.67,678.3,36.7,144.7,3.8
Soybean,7.87,438.4,37.7,209.6,3.55
Soybean,6.91,428.4,17.0,75.4,2.84
Rice,5.27,1163.4,21.7,129.2,5.69
Rice,8.34,1325.5,23.6,104.3,5.36
Soybean,5.86,608.3,32.9,108.3,3.34
Soybean,8.01,325.1,28.7,74.7,2.17
Barley,5.59,567.7,29.8,211.2,4.54
Maize,7.99,367.8,32.4,51.8,4.75
Rice,5.05,424.1,17.7,112.5,4.51
Maize,6.79,817.8,34.2,84.9,6.23
Barley,7.69,575.9,31.2,167.8,4.04
Soybean,8.27,919.1,28.3,100.9,3.69
Cotton,8.18,604.2,35.5,101.8,2.1
Maize,7.87,1428.6,31.1,147.7,6.59
Soybean,8.11,1387.1,19.6,180.5,3.99
Soybean,5.7,980.2,24.9,74.3,3.82
Wheat,5.99,725.3,26.4,85.1,4.7
Maize,6.01,757.4,16.3,99.4,5.98
Cotton,6.32,794.2,37.0,244.7,4.16
Maize,6.38,1173.1,18.0,129.4,6.76
Soybean,6.91,842.0,31.0,169.8,4.34
Cotton,5.56,1328.1,26.6,98.3,4.14
Barley,7.42,1432.9,15.6,148.1,4.63
Wheat,5.59,703.1,36.3,64.8,4.25
Soybean,6.09,972.8,34.6,56.9,3.5
Rice,6.76,414.1,27.1,143.7,5.68
Rice,7.79,540.6,20.3,129.7,5.09
Wheat,7.59,796.2,17.8,77.4,3.43
Barley,7.26,547.4,23.4,187.5,4.56
Soybean,5.55,1351.9,20.9,248.6,5.07
Maize,6.91,489.9,26.7,129.1,6.75
Wheat,5.31,846.8,37.2,174.9,4.64
Barley,6.32,1026.8,28.2,242.6,5.78
Maize,6.45,1130.2,35.5,216.3,7.36
Rice,5.14,759.7,30.0,142.7,5.1
Rice,5.96,1342.9,25.9,197.5,6.79
Maize,8.34,982.0,34.7,75.6,5.58
Wheat,8.34,827.4,25.8,152.4,4.38
Rice,6.23,380.7,35.0,105.8,4.93
Soybean,5.15,857.6,21.7,82.2,3.08
Cotton,5.63,1284.9,18.0,135.3,3.88
Maize,6.37,1037.4,34.7,76.2,6.24
Maize,8.32,1298.6,28.5,189.8,6.66
Rice,5.49,892.8,35.4,141.2,5.26
Wheat,7.67,442.2,36.6,156.2,4.29
Soybean,5.38,316.4,16.2,79.3,2.45
Wheat,8.43,663.9,26.5,78.0,4.02
Barley,6.34,1137.6,23.6,166.7,5.28
Barley,7.71,1248.3,29.4,247.0,5.74
Cotton,6.2,654.9,33.3,69.3,2.81
Rice,7.2,894.8,21.5,107.1,5.44
Rice,5.67,805.3,27.8,223.9,6.38
Rice,5.51,792.6,31.3,64.5,4.63
Cotton,8.28,577.6,18.1,225.2,3.56
Barley,8.21,463.6,33.7,154.9,4.22
Wheat,8.11,536.0,28.9,131.7,4.23
Cotton,7.19,366.4,36.8,111.9,2.45
Cotton,7.83,537.8,22.8,109.4,2.93
Wheat,5.24,311.0,17.5,111.2,3.97
Rice,6.17,1052.7,26.6,227.0,6.94
Soybean,6.1,679.7,17.0,194.8,3.93
Wheat,7.22,1467.8,37.3,183.9,5.95
Barley,6.25,532.5,15.9,209.7,4.74
Maize,5.52,715.0,32.3,101.4,5.86
Maize,7.09,729.4,27.1,173.6,6.68
Cotton,7.85,310.1,23.5,142.0,2.79
Maize,6.34,1307.0,16.5,206.5,7.06
Soybean,5.46,338.4,29.3,111.9,3.3
Rice,5.69,1428.2,28.5,178.6,6.81
Barley,5.83,1370.5,21.5,226.4,5.73
Soybean,6.05,942.6,35.9,130.4,3.62
Barley,7.25,952.3,22.0,63.3,4.05
Barley,7.1,1084.5,25.3,153.2,5.19
Rice,7.44,764.5,27.5,119.2,5.32
Cotton,6.27,1076.7,17.3,184.4,4.21
Maize,7.88,353.7,36.4,240.2,6.3
Rice,5.71,364.9,23.6,147.1,5.25
Soybean,6.64,848.7,16.9,143.2,3.87
Cotton,7.8,959.5,23.9,180.9,3.75
Soybean,5.63,1365.4,28.8,70.7,3.75
Cotton,5.38,425.6,26.8,100.7,2.8
Soybean,8.09,1287.2,31.0,233.8,4.88
Rice,6.2,552.1,16.3,184.0,5.85
Cotton,7.39,772.9,21.5,52.7,2.67
Cotton,5.09,679.9,33.8,90.9,2.53
Barley,7.42,780.2,16.8,186.6,4.39
Barley,6.11,480.6,34.7,202.9,4.34
Wheat,5.2,904.3,17.1,218.0,5.1
Soybean,7.13,1262.0,34.2,108.4,4.25
Barley,5.84,829.8,23.3,236.2,5.45
Wheat,6.35,888.7,29.1,160.6,5.54
Barley,5.28,1318.5,18.5,189.3,4.61
Soybean,5.52,1147.3,16.5,169.3,4.2
Cotton,6.04,888.5,20.0,74.5,2.73
Maize,5.31,609.2,17.9,242.6,6.42
Soybean,8.19,1361.9,22.2,74.6,3.36
Rice,5.02,992.4,26.8,101.0,5.21
Barley,6.69,565.4,28.5,212.7,5.23
Barley,5.43,622.9,33.2,173.7,4.27
Cotton,6.08,1263.8,30.1,217.6,4.44
Rice,8.24,353.0,29.0,153.1,4.82
Cotton,5.57,1490.5,24.5,125.4,4.14
Rice,8.38,456.4,25.9,234.4,5.91
Maize,5.72,1255.3,24.5,57.3,6.35
Barley,7.6,773.7,34.4,221.2,4.46
Barley,6.91,890.7,20.3,96.2,4.13
Maize,8.1,1356.8,15.1,219.7,7.41
Wheat,6.94,795.5,30.0,77.8,4.3
Cotton,6.87,945.0,19.7,166.0,3.88
Maize,5.68,359.2,35.5,227.6,6.8
Cotton,5.58,302.8,34.8,144.7,2.6
Soybean,8.21,593.8,16.8,199.3,3.91
Barley,6.15,1116.7,17.4,210.9,5.1
Cotton,6.3,445.5,26.4,197.3,3.53
Rice,7.66,436.5,29.0,235.1,5.79
Cotton,6.19,793.2,21.3,139.4,3.4
Soybean,8.33,1077.4,31.5,84.6,2.91
Barley,7.58,1154.5,28.7,59.6,3.98
Maize,7.09,514.1,22.5,99.3,6.09
Soybean,8.08,395.5,15.6,78.6,2.25
Barley,5.17,1428.5,32.3,161.6,4.8
Cotton,5.9,612.8,19.9,87.0,3.04
Wheat,6.63,1324.0,34.2,57.8,4.68
Wheat,5.79,1336.2,24.7,57.2,5.07
Rice,7.6,1227.0,28.3,216.3,6.26
Barley,8.22,502.6,35.1,168.3,3.51
Wheat,6.48,1286.2,34.9,121.6,5.27
Maize,6.2,1223.1,23.5,228.8,8.05
Barley,8.37,1016.1,19.8,64.0,3.29
Maize,6.56,704.6,32.8,246.1,7.12
Maize,6.71,615.0,25.0,173.3,6.92
Wheat,6.23,446.3,19.4,86.7,4.29
Barley,8.18,911.7,35.8,185.8,4.03
Cotton,6.99,1002.3,19.6,202.7,4.0
Soybean,7.67,731.2,15.6,135.9,3.55
Wheat,7.84,870.4,15.5,222.3,4.85
Wheat,6.2,736.2,29.3,80.1,4.66
Cotton,6.52,1069.2,30.2,105.8,3.59
Barley,7.97,1381.5,22.2,68.7,4.43
Barley,6.27,496.7,22.4,92.2,4.08
Maize,7.78,757.7,22.8,97.7,6.04
Cotton,8.29,469.0,30.6,233.5,3.28
Cotton,7.18,1049.9,16.3,65.6,2.98
Barley,7.6,1174.6,36.4,135.5,4.46
Maize,7.82,1418.3,20.1,156.5,6.95
Wheat,7.96,634.6,38.0,229.7,4.73
Rice,6.38,1440.3,18.9,249.5,7.27
Soybean,5.18,375.9,32.7,200.7,3.25
Wheat,6.41,1023.6,20.1,244.2,6.5
Barley,7.36,368.6,16.9,207.4,4.11
Soybean,6.58,1372.5,35.1,242.6,5.26
Rice,7.62,935.8,34.8,191.5,5.52
Rice,6.25,1103.2,24.3,66.0,5.78
Maize,7.22,1297.9,31.2,130.4,6.9
Soybean,5.65,480.4,27.8,179.3,3.93
Maize,7.62,346.3,34.6,120.1,4.96
Wheat,6.91,1354.7,22.2,104.7,5.2
Cotton,5.71,677.9,27.0,165.5,3.73
Cotton,6.02,454.8,26.2,236.7,4.2
Cotton,7.62,862.2,23.1,57.0,2.72
Soybean,6.69,1018.0,35.5,203.8,4.51
Cotton,5.76,337.2,18.8,194.5,2.92
Wheat,8.39,629.9,18.4,242.8,5.13
Maize,7.5,339.4,28.3,236.1,6.43
Soybean,8.35,804.4,30.1,202.4,3.94
Maize,6.49,1374.1,19.5,154.1,7.07
Soybean,6.66,1479.2,24.0,90.9,4.74
Maize,8.14,1064.5,36.8,159.0,6.26
Rice,6.84,494.0,20.7,203.1,5.85
Maize,7.48,1387.0,30.4,229.1,7.75
Cotton,5.88,919.5,32.0,207.9,3.74
Rice,6.56,484.5,25.3,89.1,5.32
Maize,5.43,1406.1,36.6,169.9,6.6
Soybean,5.72,1209.0,31.9,116.4,4.24
Soybean,5.0,1178.0,25.5,51.8,3.55
Soybean,5.14,1151.0,28.1,90.0,3.85
Barley,8.42,540.4,30.9,72.6,3.0
